SampleSize,EstimatedThetaG_P,EstimatedSigmaG_P,EstimatedThetaTildeG_P,EstimatedGammaG_P,EstimatedLambdaG_P1,EstimatedSigmaLambda2G_P1,EstimatedLambdaG_P2,EstimatedSigmaLambda2G_P2,EstimatedThetaLR_P,EstimatedGammaLR_P,EstimatedGammaHuangLR_P,EstimatedLambdaLR_P1,EstimatedSigmaLambda2LR_P1,EstimatedLambdaLR_P2,EstimatedSigmaLambda2LR_P2
50,0.485214843749999,12.151328,0.378437499999999,0.570070056915288,2.66247883371757,6.1619415455147,6.21021849086125,82.0678126566737,0.467240516464669,0.803383972942499,0.189703269728291,2.77066596822049,7.19287418676048,6.21021849086125,82.0678126566737
50,0.744365234375,8.9246,0.62671875,0.692034764289861,1.83959300688031,4.35750465866911,6.16633581352865,82.0597876722392,0.811070294387929,1.4448722949877,0.72770780151439,1.6094239383029,6.32150583769173,6.16633581352866,82.0597876722392
50,0.60333984375,11.246904,0.475781249999999,0.813559741973884,1.90263533059889,4.94630214985882,6.18117836953527,82.0625414879945,0.751985173538259,0.977892135047744,1.00355732137391,1.72238119447115,3.02374749781891,6.18117836953527,82.0625414879945
50,0.765009765625,7.72865599999999,0.643125,0.742794804573064,1.69738540646094,2.64969114630329,6.04738402706276,84.622417334313,0.665901967317122,1.42793328823627,0.285393183401553,1.9006026080459,4.96198810484999,6.04738402706276,83.0270413726206
50,0.561777343749999,9.32587200000001,0.456640624999999,0.552686481475835,2.36001480850068,6.61268471279991,6.13597298625419,82.0540253534884,0.633574406198465,1.04790837201933,0.688250814491127,2.17431918866713,9.1218067977669,6.13597298625419,82.0540253534884
50,0.533339843749999,10.9136,0.431757812499999,0.515945453643803,2.45665410140072,3.89160324676593,6.14746735161799,82.0562273822906,0.729894974532066,0.996482447987743,1.44321511856258,1.97290815482335,5.43444147676638,6.14746735161799,82.0562273822906
50,0.591445312499999,6.75436,0.470312499999999,0.733657913208013,2.22512388512583,4.37773396444158,5.95941539621267,82.016818689896,0.64973212371459,1.15959358103621,0.747512148916161,2.14345721845917,5.31124739280679,5.95941539621267,82.016818689896
50,0.852578125,7.963488,0.734453125,0.697675781250006,1.62197263308932,3.26871655150858,6.05993647482011,86.4691781687522,0.724462738414382,1.35880334385061,0.167169839985284,1.88537727802547,6.49213090807345,6.05993647482012,82.9822440455969
50,0.76890625,6.65892,0.65884765625,0.605644702911377,1.98715647722903,4.34564369982184,5.98214360814942,82.0219846195523,0.835164424475973,1.22166745359973,0.799030335779578,1.80758441135479,6.07343038117075,5.98214360814943,82.228479809247
50,0.78681640625,8.43616,0.676279296875,0.61092262744904,2.003860959436,3.55982933032016,6.09265918517555,82.0454963704738,0.748218809470725,1.2889630212504,0.289632300772682,2.06541398973903,6.09749744523079,6.09265918517555,82.0454963704739
50,0.732197265625,6.166264,0.619609375,0.633801655769355,2.02763606231543,4.65584403170699,5.9548071012818,82.0157568707875,0.665891745628066,1.30951727886627,0.176461784247023,2.17884892352829,7.78559892445232,5.9548071012818,82.0157568707875
50,0.61455078125,9.12006399999999,0.497382812499999,0.686416645050054,2.20120243192347,3.5960591888654,6.09265918517555,82.0454963704738,0.773380528102458,0.851950238782737,0.962329648146436,2.003860959436,2.90035539615703,6.09265918517555,82.1196285392925
50,0.67908203125,5.992688,0.555351562499999,0.765461444854742,2.60371136036859,3.87404826111683,5.92194035359759,82.0080403110653,0.715788104836489,0.905961298326814,0.814394809115297,2.60371136036859,4.4158005486924,5.92194035359759,82.0080403110653
50,0.565878906249999,6.472744,0.445087890624999,0.729523472785956,2.50042856504458,8.68461344276451,5.99553664324089,82.0249742157567,0.490758470437358,1.18910979837455,0.311746677700661,2.74397431667856,12.8951948090748,5.99553664324089,82.0249742157567
50,0.491435546874999,7.881872,0.355742187499999,0.920634388923653,2.37036780209076,7.51532177200059,6.1046593131776,82.0478964472759,0.684678042700287,1.14886371718804,1.65801900132257,2.17748827421123,6.41062907061642,6.1046593131776,82.0478964472759
50,0.635263671875,7.37152,0.532656249999999,0.526414151191715,2.09517115983008,3.73027720378565,5.98662791308216,82.0229900690888,0.698129925290403,1.3166272851423,0.727578943778417,1.95938271764564,4.73162433329575,5.98662791308216,82.0229900690887
50,0.505449218749999,11.684704,0.378437499999999,0.806598834991462,2.30434708920729,6.20990328192473,6.19580384245937,82.0652153384053,0.568339858743618,0.794707705880499,0.78589574538022,2.13730864702285,5.84118749920763,6.19580384245937,82.0652153384053
50,0.70875,10.764824,0.601015625,0.580334777832035,2.29684991677177,4.22425952495329,6.15126963298682,82.056950249471,0.704044962622395,0.889237150857484,0.473239478946873,2.29684991677177,5.35109688198949,6.15126963298682,82.056950249471
50,0.65255859375,7.567472,0.541406249999999,0.617742176055915,2.1159935788137,4.24588051656939,6.04316461778006,82.1876165257839,0.662151504574859,1.42662549701291,0.478012242343879,1.98466942234354,6.89308970053941,6.04316461778006,82.2228152919759
50,0.447412109374999,8.606872,0.322656249999998,0.778201222419745,2.44730048041282,5.30388685007461,6.09265918517555,82.0454963704739,0.516024791899883,0.82595350546714,0.704723159435977,2.27670100742204,5.26882763425194,6.09265918517555,82.0454963704739
50,0.69794921875,7.46708,0.575039062499999,0.755345325469976,1.94146622656543,2.6178823345722,5.99996142200195,82.0259531491109,0.789246184239923,1.47692658942181,0.917431591503213,1.82540222520731,3.59180096525052,5.99996142200196,82.2377180243464
50,0.6313671875,6.640696,0.509414062499999,0.743628234863288,2.2731893019587,3.29875918405376,5.96400255217597,82.0178707898876,0.627660108117435,1.6189436186161,0.626718303437892,2.2731893019587,5.76468624198938,5.96400255217597,82.3724362851195
50,0.458691406249999,6.044712,0.334824218749998,0.767154006958014,2.49598412060013,4.98370433677296,5.99109219879645,82.0239865614357,0.652670438770614,1.10211179692638,1.34093547618488,2.02943840120939,7.02801249371346,5.99109219879644,82.0239865614357
50,0.640322265625,5.430336,0.536484374999999,0.539115376472479,2.02858635628451,4.24921780245534,5.88300607249955,81.9985648938787,0.647959128533997,0.94904628521144,0.340233127534114,2.02858635628451,5.05104626425265,5.88300607249955,81.9985648938787
50,0.554804687499999,9.70076,0.440234374999999,0.656317825317389,2.42829898408976,5.40424468493212,6.16259049517659,82.0590863017613,0.726002531581974,0.995962628110528,1.09050189164882,1.98803129838196,6.85224578013532,6.1625904951766,82.0590863017613
50,0.623095703125,7.42580800000001,0.502578124999999,0.72622433185578,2.55647762953872,7.03735047933566,6.05158570773503,82.1890177488914,0.502913460863474,1.80871156701792,0.116098858694592,2.73335671450604,11.301135908847,6.05158570773503,82.1237789809927
50,0.84177734375,15.840984,0.74634765625,0.455341262817385,2.097579666134,2.84224800664467,6.29916588995566,82.0830373674331,0.844781956138518,1.09327544630602,0.348879384816369,2.07126387666031,4.21323934526849,6.29916588995566,82.5720012710766
50,0.616396484375,10.074256,0.520624999999999,0.458608860969547,2.38287291892685,4.5977011727224,6.15883109668036,82.0583796479086,0.586514117362522,1.3089112690673,0.18088265859436,2.42453958559352,10.2123243583047,6.15883109668035,82.0583796479087
50,0.626171875,8.969112,0.519531249999999,0.568611145019535,1.94172648437468,3.02848635762976,6.05993647482011,82.0388034340415,0.601820249820481,1.07763232729759,0.307805443879768,1.97113824908056,4.91658261114961,6.05993647482011,82.0388034340415
50,0.6647265625,8.701504,0.553437499999999,0.619262771606451,2.02013883162624,3.90292357291785,6.04738402706276,85.7110303616044,0.671534208278651,1.00478288880906,0.456376566384485,2.02013883162624,5.28611147390396,6.04738402706276,88.1888814299124
50,0.78927734375,6.98824,0.6701953125,0.709026508331303,1.93259700335993,3.71231028379651,5.99109219879645,88.4240191379994,0.834329546478203,1.47380277752581,0.747843666073519,1.78950597497478,5.74618118718511,5.99109219879645,89.5015210578803
50,0.651533203125,9.24988,0.524999999999999,0.800532574653633,2.28603157938282,8.15072730671399,6.1774883326349,82.0618606693782,0.650092103897206,1.18503911434113,0.488488075141309,2.28603157938282,10.2235497617768,6.1774883326349,82.0618606693782
50,0.581396484374999,10.544952,0.470996093749999,0.609412312507634,2.12935783189689,3.26179807861803,6.12434496281728,82.051771815434,0.73724567964403,0.900379692954751,1.04700025226345,1.92275873899561,3.24458441702049,6.12434496281728,82.051771815434
50,0.815595703125,5.692576,0.69330078125,0.747802395820619,1.80898641096821,1.92938771986587,5.89778463670776,82.0022050521029,0.647289751895516,1.72162839638132,0.00184759922275686,1.97061359774139,4.80815730227249,5.89778463670776,82.0022050521029
50,0.555761718749999,6.461592,0.435859374999999,0.718828601837164,2.10038738506675,3.36738583002882,5.9548071012818,82.0157568707875,0.575936258167488,1.48142536440522,0.505667614715827,1.95981997036141,4.89529779356643,5.9548071012818,82.0157568707875
50,0.614208984375,6.987672,0.501484374999999,0.635341877937323,2.24785209706258,2.70583354197088,5.98214360814942,82.0219846195523,0.746818602956084,1.01008081079552,0.931695807212853,2.02048981056237,4.0997356231293,5.98214360814943,82.0219846195523
50,0.69986328125,8.96156,0.582421874999999,0.689624195098883,2.18497491755953,4.56348859918545,6.07643167081162,82.042204649975,0.750117165690878,1.004917733957,0.556388643993298,2.08144453989122,5.99061048293502,6.07643167081161,82.0422046499749
50,0.525273437499999,4.711424,0.403046874999999,0.746966629028326,2.45658394981178,2.99161655875109,5.83731294304077,81.9869636667781,0.653949849473532,0.946093752258594,0.912630130690434,2.39776042040001,3.44110847428701,5.83731294304077,81.9869636667781
50,0.64955078125,9.348472,0.541406249999999,0.584761981964117,2.03684752132926,4.16458255814235,6.15505751177469,82.0576676507566,0.672442915111967,1.3170756753532,0.520733495854863,2.03684752132926,6.26988808193532,6.15505751177469,84.3253033398874
50,0.7440234375,10.309304,0.63396484375,0.605644702911381,1.93131180118713,3.32678011188507,6.1848548401235,82.0632173097938,0.747397148999884,1.45234146213488,0.509958084040235,1.93131180118713,7.79956620436021,6.1848548401235,82.1225744205332
50,0.76576171875,7.614896,0.6302734375,0.91785371780396,1.90807097295884,3.70612829009496,5.13597298625419,38.648862252119,0.778902734684472,1.41905006271985,0.699481126104524,1.90807097295884,5.87502364965841,5.13597298625419,39.7773333151183
50,0.672314453125,7.226944,0.549062499999999,0.759552197456366,2.20966613619842,5.60699579573364,6.06408585241347,82.0396643007621,0.819406986572778,1.20684410447996,1.20053496081578,1.83618383911812,5.70413991861641,6.06408585241347,83.7774106865914
50,0.506748046874999,9.486816,0.381992187499999,0.778201222419744,2.86887638625495,10.1871903005045,6.12043871281728,82.0510088759809,0.638172643419564,0.965830155502422,0.923005072288039,2.5726990556736,9.74015800108901,6.12043871281728,82.0510088759809
50,0.557128906249999,7.875288,0.415624999999999,1.00116777420045,2.12292454652803,5.51683666488791,6.08457834411508,82.0438638640052,0.689262907132899,1.01434761804951,0.97134053899381,1.88299212029342,4.26747182769649,6.08457834411508,82.0438638640051
50,0.607646484375,8.685944,0.491093749999999,0.679226994514471,2.17262909916139,6.34889910717146,6.06408585241347,82.0396643007621,0.663898484457447,1.08624061019461,0.507567954346431,2.06909872149308,7.46125562134826,6.06408585241347,82.0396643007621
50,0.6494140625,10.33792,0.533955078124999,0.666538853645331,1.90528805774398,2.27836049896848,6.15883109668035,82.0583796479086,0.72462166539156,1.22710721827822,0.700245809305466,1.78610520335125,3.07794366165612,6.15883109668035,82.0583796479086
50,0.71544921875,7.857176,0.5898046875,0.789327411651617,1.69960741682678,2.35168231083733,6.07233331015587,82.0413648219718,0.593251079282693,1.84248757130575,0.164242318509682,1.84443129686053,6.06770573987962,6.07233331015588,82.1581908776549
50,0.724951171875,7.838816,0.578593749999999,1.07102474689484,1.77434634221545,6.60441495904443,6.12434496281728,83.3399012204613,0.740988861079031,1.46958499288106,0.449883497601376,1.75161906948818,8.33647383618499,6.12434496281728,84.3112452790116
50,0.514609374999999,5.59992,0.386093749999999,0.825813293457037,2.50130088902445,18.529714631601,5.94085341166521,82.0125117330865,0.513343420777881,1.03048502231456,0.477444487966161,2.50130088902445,21.3889727559519,5.94085341166521,82.0125117330865
50,0.6125,5.019352,0.521171874999999,0.417041320800785,2.68787206735955,4.54630842417296,5.8680058224933,81.9948147063709,0.741322337164531,0.8904049845834,0.85817887169385,2.48727682926431,7.57183145917127,5.8680058224933,81.9948147063709
50,0.6450390625,10.450376,0.542499999999999,0.52571296691895,2.03164048707773,2.16324939118864,6.12043871281728,82.0510088759809,0.627447102223714,1.12768386114906,0.360800508810316,2.06194351738076,3.49455538195327,6.12043871281728,82.0510088759809
50,0.488154296874999,9.19412,0.377480468749999,0.612434811592107,2.73578815096084,7.44073677629141,6.11651714418983,82.0502399409559,0.593934309445785,1.18634109354266,0.786247381111006,2.4711584394271,9.62589041614777,6.11651714418983,82.050239940956
50,0.717978515625,10.055944,0.598828125,0.70984077930451,2.02160914965491,4.46147763639374,6.13981914010034,82.0547649984588,0.680520411479671,1.24035852333925,0.313880333056924,2.11257394466382,7.02565633168346,6.13981914010034,82.0547649984589
50,0.623984375,9.73469600000001,0.499570312499999,0.773942947387701,2.70431895266885,8.58604707792941,6.19942703086516,82.0658717131166,0.692465395765621,1.34122359556447,0.667154234871511,2.50861378064789,12.7093206280239,6.19942703086516,82.1093135193425
50,0.563759765625,6.076976,0.461220703124999,0.52571296691895,2.54121136036859,4.9071502107387,5.92194035359759,82.0080403110653,0.58350368919898,1.34214460696061,0.485726181005746,2.48238783095683,7.65083656969342,5.92194035359759,82.0080403110653
50,0.71408203125,12.11624,0.596640625,0.689624195098882,1.78610520335125,2.34544938960251,6.15883109668035,82.0583796479086,0.740548121815084,0.761784882081064,0.592297891935078,1.74214385069425,2.13802496913558,6.15883109668035,82.0583796479086
50,0.6674609375,6.72448,0.542499999999999,0.780761795043951,2.10656428623137,7.4543544259361,6.06821808381843,82.0405180675813,0.678201807494615,1.31334702669448,0.350692090979199,2.04097288838191,10.1093348201104,6.06821808381843,82.0405180675813
50,0.357314453124999,5.83572,0.245546874999998,0.624599575996404,2.3097773972766,3.43861400815342,5.90751705442028,82.0045730649845,0.450757483853396,1.10543723915662,0.855897827201965,2.26215834965755,4.12053315679858,5.90751705442028,82.0045730649845
50,0.74005859375,6.23452,0.62125,0.705774097442631,1.99315330369474,2.86539488231245,5.9548071012818,82.0157568707875,0.66217781101739,1.39681626360104,0.189557666614635,2.06335034802972,4.37499109076706,5.9548071012818,82.0400309360175
50,0.785791015625,7.816024,0.666640625,0.709840779304507,1.95787789416074,2.45721383406656,6.1046593131776,82.3412848310838,0.762398541073171,1.46882522874719,0.385689886715059,1.98644932273217,4.86897021255086,6.1046593131776,90.8056698812806
50,0.537714843749999,9.12764800000001,0.422187499999999,0.667328357696539,2.36495655793617,4.18640008756731,6.05576980815344,82.0379353784859,0.58776510984884,1.15478320511125,0.642422996753962,2.36495655793617,6.13672803751097,6.05576980815344,82.0379353784859
50,0.630751953125,9.495032,0.511191406249999,0.714736218452458,2.23677926014885,4.14916841391288,5.12823601340094,34.383259834834,0.491140319226566,1.64459348269744,0.14094569099198,2.43742276318366,6.35224388814771,5.12823601340094,41.4629816260787
50,0.888876953125,9.28392799999999,0.7817578125,0.573725514411929,1.93406837035121,5.60720121433892,6.10862756714585,82.0486837992537,0.862005599363998,1.17139639967726,0.503460397687231,2.11364043622546,8.73896304271456,6.10862756714585,82.0486837992537
50,0.5925390625,10.52972,0.460058593749999,0.877553730010993,2.36889666237,5.92368815611742,6.1848548401235,82.1237815241355,0.641821008876935,1.14055435156112,0.734423628384918,2.25768380115714,6.7639867498431,6.1848548401235,82.0632173097938
50,0.79638671875,7.534664,0.67703125,0.712286396026614,1.75957644654854,3.03302632329011,6.01311948548492,82.0288387633613,0.79002513672095,1.72211404549507,0.485129237470725,1.75957644654854,5.53343837267434,6.01311948548492,82.0864740490547
50,0.541269531249999,7.514784,0.426289062499999,0.661025409698492,2.31355345812829,3.93394842062745,6.00436670834557,82.0269234764994,0.614211809163212,0.793615542304135,0.641553455820162,2.18840853059206,5.29441069053591,6.00436670834556,82.0269234764994
50,0.365654296874999,6.648392,0.211640624999998,1.18601055622102,2.69978431023568,12.1982303936457,6.08051330346467,82.0430376362307,0.579324606594324,0.865973884716694,0.800265655746688,2.02201810802816,7.11275961440606,6.08051330346468,82.0430376362307
50,0.577499999999999,9.089504,0.448437499999999,0.832856445312507,2.35028683302824,3.86473918594055,6.08457834411509,82.0438638640052,0.702210311826567,0.711167247985562,0.701179614603249,2.12292454652802,2.68066501582353,6.08457834411509,82.0438638640052
50,0.833984375,10.583296,0.73609375,0.479128723144534,1.94968340916515,3.58487736391157,5.15126963298682,36.985551544019,0.756999716082326,1.42263815258815,0.0891859224775105,2.09277443755029,7.60563801543495,5.15126963298681,46.0352927086131
50,0.585156249999999,5.3804,0.469082031249999,0.673661212921149,2.3097773972766,5.51351209995364,5.90751705442028,82.1398835078564,0.537859470181543,1.39641288765639,0.394939127176429,2.41240897622397,7.54372286694042,5.90751705442028,82.359467441391
50,0.711484375,8.530256,0.60921875,0.522912902832035,2.26296915189096,5.41868628579962,6.03892732964447,82.0343894363749,0.661258714446302,1.37189095725099,0.220417677466232,2.30463581855763,10.9359497332466,6.03892732964447,82.0343894363749
50,0.6488671875,8.75033600000001,0.540551757812499,0.586611615419393,2.00559065697695,3.55940163306105,6.06408585241347,82.0396643007621,0.765877316526479,1.44689904514775,1.23997986697182,1.76115256957465,5.49681878547396,6.06408585241347,82.0396643007621
50,0.746142578125,12.010648,0.64189453125,0.543382763862613,1.88145958457783,2.21793406806563,6.23145820517965,82.0715721729476,0.73483545919729,1.24478408790983,0.399494999065037,1.88145958457783,5.50854113254134,6.23145820517965,82.0715721729476
50,0.534023437499999,9.693832,0.434218749999999,0.498048782348637,2.5368386869714,6.18227676636282,6.08457834411508,82.0438638640052,0.503883043511084,1.09258159460106,0.159062521983987,2.70384935088609,10.5365454156936,6.08457834411509,82.0438638640052
50,0.78326171875,6.369848,0.68359375,0.49668519973755,1.71957117783072,2.08129791818749,5.97311421676709,82.0199463614479,0.702688521884261,1.48986552531884,0.183965231622058,1.79855501997245,5.88152264461542,5.97311421676709,82.14122324336
50,0.580234374999999,9.530032,0.470859374999999,0.598144531250004,2.13902145184552,4.9693189781476,6.10067524943258,82.0471028090797,0.564074567902801,0.856867140261722,0.380188232121766,2.17350421046621,6.11111016109322,6.10067524943258,82.0471028090797
50,0.575039062499999,9.97350399999999,0.461562499999999,0.643846511840826,2.4055276290135,5.7592736684133,6.13981914010034,82.0547649984588,0.564607374889373,1.31061231028519,0.417915387891009,2.44900588988307,9.35444255406284,6.13981914010034,82.0547649984588
50,0.75919921875,9.634672,0.633828125,0.785895557403569,2.04717476051464,3.60683681741375,6.13597298625419,82.0540253534884,0.797746592300187,1.41545659581045,0.626811893819901,2.01776299580876,5.45896927071739,6.13597298625419,82.1325668125964
50,0.87267578125,5.737656,0.75140625,0.735314960479743,1.74259646780773,2.32434965855064,5.91715566460237,86.4078573837919,0.784679233354164,1.22308011084339,0.31806181058173,1.85866046916585,4.14176644281505,5.91715566460237,85.861429480585
50,0.809990234375,8.02645599999999,0.672109375,0.95055656909943,1.87277323613723,4.79994859979577,6.10067524943258,82.3742997096898,0.907468899468361,1.58492721599102,1.00017518603787,1.68398800344647,5.94210798391882,6.10067524943258,87.4094531312589
50,0.7369140625,10.830264,0.63123046875,0.558451099395755,2.23777323327811,4.57836623948893,6.19942703086516,84.1111473549695,0.762654618618572,1.16247442798189,0.633453488882006,2.14093183542864,7.28514732431678,6.19942703086516,88.193283432755
50,0.551933593749999,9.035952,0.448984374999999,0.529927082061771,2.32979434132663,3.16188030280509,6.06408585241347,82.0396643007621,0.681004324269579,1.11448995221927,1.02072506518658,2.20966613619842,4.62702393043045,6.06408585241347,82.0396643007621
50,0.459511718749999,11.535968,0.341796874999999,0.692839221954351,2.6561615547905,5.05449639090162,6.15126963298682,82.056950249471,0.658486360859362,0.632541144271573,0.737567197693008,2.25981287973473,5.24031151374141,6.15126963298681,82.056950249471
50,0.568749999999999,8.63408,0.448984374999999,0.717190246582037,2.27670100742204,5.19550849424174,6.09265918517555,82.0454963704739,0.597202804568914,1.0959168398557,0.458100887956964,2.23823946896051,6.5744420219892,6.09265918517555,82.2788492518524
50,0.64271484375,14.250392,0.533613281249999,0.595157546997075,2.2487408699243,4.90536284466908,6.27598606536082,82.0791993114651,0.728923686094541,0.983927629645202,0.742888298853095,2.02244302642444,5.57805423065932,6.27598606536082,82.0791993114651
50,0.67607421875,9.566416,0.567998046874999,0.584022946357731,2.12697312952398,2.7781989702473,6.08862692711104,82.0446834152189,0.760337864595484,1.02262994179444,0.838739815040322,2.03013173167451,3.54710632137311,6.08862692711104,82.3254993747524
50,0.779365234375,10.38524,0.669375,0.604892582893373,1.93802093952117,4.21025956340081,6.11258013631581,84.8504724454953,0.708653014186403,1.09522282747213,0.225581304507661,2.18540909734945,5.8574024260225,6.11258013631581,83.2791724538969
50,0.68482421875,5.006616,0.564374999999999,0.725400714874273,2.08182645895425,4.11713763598226,5.89778463670776,82.0022050521029,0.632270304377859,1.22278856917045,0.417797900486206,2.20697138649048,6.15985423573173,5.89778463670776,82.0022050521029
50,0.71982421875,7.269352,0.5884375,0.863123493194587,1.98715647722903,2.38718324144569,5.98214360814942,82.1834915803386,0.804031143809661,1.10681113403699,0.660889452971631,1.86393361770399,2.76145744569453,5.98214360814943,82.9994542153132
50,0.9069921875,7.000904,0.7853125,0.740297317504886,1.79855501997245,2.86588292903236,5.97311421676709,82.3652822485828,0.918933529572713,1.29394429090384,0.786482539370504,1.74521220347174,3.83661078799495,5.97311421676709,85.7128607227864
50,0.493281249999999,10.27748,0.375429687499999,0.694449539184576,2.72789857391686,5.88521985902688,6.10862756714585,82.0486837992537,0.574299001550129,1.182234146012,0.764762932971076,2.51088791000217,8.35085760935866,6.10862756714585,82.089320265948
50,0.701298828125,8.259032,0.587343749999999,0.649287991523748,2.49964436991908,5.39732018499637,6.04738402706277,82.0361773376468,0.676845320952465,0.932286322780303,0.364658072184058,2.607831504422,6.37845719400305,6.04738402706277,82.0361773376468
50,0.590556640625,8.634864,0.465117187499999,0.786752820014961,2.09767205425516,5.17655345713225,6.09265918517555,82.0454963704739,0.657395041020676,1.11505370958219,0.704759507498664,1.91809998838091,5.50672094193532,6.09265918517555,82.0454963704739
50,0.683046875,9.488064,0.567382812499999,0.668908767700201,2.11759300539542,4.61350496217608,6.11258013631581,82.0494649394059,0.741524728044391,1.61206875386577,0.818316757169727,1.99437014587038,7.32209781421303,6.11258013631581,84.1568190817168
50,0.7932421875,6.818224,0.6794921875,0.646953125000003,1.59584286889254,1.71131752211798,5.96856876222164,82.0189133035966,0.718687141942102,1.21392888674402,0.38363011559614,1.71502572328526,2.51723094169135,5.96856876222164,82.0189133035966
50,0.62384765625,12.736528,0.515703124999999,0.584761981964115,2.2937236986183,4.29735077713583,6.22089473758467,82.0697123767814,0.526192204840358,1.16769286506332,0.163860334131432,2.57553603282194,7.92781378290561,6.22089473758467,82.0697123767814
50,0.580371093749999,9.39788,0.468124999999999,0.629959278106694,2.4098619992153,4.24551669793267,6.10067524943257,82.0471028090797,0.719074113812173,0.673933034040618,0.682439313582387,2.10568811851219,4.54240259594023,6.10067524943258,82.0471028090797
50,0.74470703125,5.991384,0.625625,0.709026508331303,1.80802568226494,2.79618118115857,5.9548071012818,82.0157568707875,0.770865862146441,1.00108539701483,0.508105268077611,1.72690508798645,3.21981797574212,5.9548071012818,82.0157568707875
50,0.834462890625,11.874984,0.721875,0.63380165576935,1.83899357259538,4.41897170269599,6.25568081858148,82.1025673398935,0.879392569595345,1.2458536691959,0.664375657178198,1.62666760414913,6.12419828065197,6.25568081858148,85.8190107075314
50,0.512490234374999,6.035968,0.393886718749999,0.703339695930486,2.47760314196161,4.7338423983642,5.91715566460237,82.0068956486262,0.604114315673737,1.09914376209745,0.823468787260991,2.2263424143851,5.21925347083261,5.91715566460237,82.0068956486262
50,0.674638671875,10.827352,0.575859374999999,0.487867474555973,1.93438676243252,3.02612486885,6.13597298625419,82.0540253534885,0.586913684548778,0.888383682158699,0.108265190932671,2.20880194728782,4.17368457634224,6.13597298625419,82.0540253534884
50,0.708818359375,5.773904,0.5947265625,0.650846905708317,1.91360821622869,2.7027450496797,5.94085341166521,82.0125117330865,0.659564641564173,1.30753446370898,0.166630163646449,2.01368237269884,4.19471934484811,5.94085341166521,82.0125117330865
50,0.697333984375,9.620376,0.575312499999999,0.744462132453924,2.29684991677177,5.13475769404229,6.15126963298682,82.056950249471,0.616019448880858,1.51854801700403,0.303377258322638,2.50591092822409,6.98467043030992,6.15126963298682,82.056950249471
50,0.510166015624999,4.116552,0.382265624999999,0.817925496101386,2.40870257657928,5.15995504214405,5.78943156980827,81.9742244527141,0.504527756223812,1.06025014981955,0.675662510462157,2.40870257657928,5.32908864159159,5.78943156980827,81.9742244527141
50,0.8225,9.432744,0.71859375,0.539825439453127,1.84031607052308,1.71317817617221,6.06821808381843,82.2981476933001,0.617605350488348,1.60029545679296,0.000349646002647253,2.10656428623137,4.40969421434952,6.06821808381843,82.1001572764373
50,0.6444921875,7.080432,0.535390624999999,0.595157546997074,2.3266540613546,3.76373047622095,6.01746731157187,82.0297839429454,0.762636036426318,1.09801371045094,1.01502447700447,2.16304759535683,6.35377681204609,6.01746731157188,82.0297839429454
50,0.7139453125,10.674912,0.6059375,0.583284378051764,2.04538605980614,4.82247398584222,6.192167478823,82.0645541813806,0.725001124291736,1.1576319472868,0.657674027096554,2.04538605980614,7.36448600266772,6.192167478823,82.8935139464721
50,0.70423828125,10.481784,0.59294921875,0.619262771606451,2.05689900838501,5.06692371342595,6.23145820517965,82.0715721729476,0.671128772858525,1.02455821756554,0.168675342942407,2.17296300974313,7.6214621260523,6.23145820517965,82.0715721729476
50,0.73390625,8.57892,0.6248046875,0.595157546997073,1.93373188444781,3.26368766576461,6.08051330346468,82.0430376362307,0.675657143647826,1.30617265693044,0.179256132006294,2.02201810802816,6.06879217385809,6.08051330346468,82.0830497457746
50,0.533203124999999,6.185752,0.431894531249999,0.513171558380132,2.37896260121581,3.82642077813191,5.92670225835949,82.0091740979133,0.571303843853815,0.880492658538901,0.498976462889103,2.28134355359676,4.62630014393043,5.92670225835949,82.0091740979133
50,0.60375,4.821448,0.460468749999999,1.02647583007813,1.86289204439043,5.93676006507582,5.85787917531081,81.9922509653604,0.678081516283489,1.42215794263888,0.922828423375703,1.76908094957127,5.8816500831464,5.85787917531082,82.0256715577211
50,0.6116796875,4.5668,0.506953124999999,0.548382644653325,2.22912935046951,3.09779154071936,5.8268690076132,81.9842367535081,0.753085468127645,0.958445403582531,0.927664581377613,1.86521521002614,4.6651816726756,5.8268690076132,81.9842367535081
50,0.7341796875,9.14194400000001,0.623984375,0.607150344848637,1.98919156723733,4.08136065475654,6.13597298625418,82.1695489409077,0.627933884766997,1.38416354814342,0.0891718535248919,2.20880194728782,7.67899908517819,6.13597298625419,82.5092073793982
50,0.74251953125,9.103256,0.63765625,0.549815387725834,2.18497491755953,3.78313476006645,6.07643167081161,88.3268470214585,0.684426117514808,1.17175353903394,0.316667660963102,2.26047349305811,6.32194502537109,6.07643167081161,85.7174857870823
50,0.6767578125,8.159632,0.562460937499999,0.653188781738286,2.16431305490136,3.23027397729129,6.05576980815345,82.2662708153842,0.733027003305707,1.12346928283201,0.424023830954592,1.96697158241389,4.710581827359,6.05576980815344,83.2646144286883
50,0.678740234375,5.941,0.5701171875,0.589948315620425,2.10119748684886,2.46174234204434,5.91715566460237,82.0068956486262,0.82476717583387,1.15976224967549,1.07319244776769,1.88991046916585,3.37372050025764,5.91715566460237,82.0068956486263
50,0.568613281249999,10.074944,0.454111328124999,0.655534863471991,2.35433541602419,3.35191157044377,6.08862692711103,82.0446834152189,0.616115706886078,0.847489057188185,0.695168848352061,2.27266874935753,3.56717885363694,6.08862692711103,82.1221465661688
50,0.736982421875,10.137384,0.641416015625,0.456646900177004,2.45930060841487,4.95050765160151,6.1046593131776,82.0478964472759,0.72996702609052,0.919126387976047,0.218201306884089,2.45930060841487,8.35350575844383,6.1046593131776,82.0478964472759
50,0.597939453125,5.879064,0.463476562499999,0.904013447761542,2.23112710338031,6.60494217001635,5.92194035359759,82.0080403110653,0.71188022240402,0.892608968477718,0.943773606739416,1.83314212785804,4.7422066647549,5.92194035359759,82.0080403110653
50,0.561025390624999,7.536304,0.444335937499999,0.680821423530584,2.58224379326012,6.08874613367998,6.02179631590088,82.5386351870754,0.537141146754625,1.22817828982865,0.429372456620302,2.58224379326012,8.23618017542845,6.02179631590088,82.4195648831376
50,0.7546875,8.222672,0.65953125,0.452735595703126,2.01002602295551,2.12869870199501,6.12823601340094,82.0525288291663,0.712436432318053,1.73968130151271,0.180087354504098,2.10099081796442,6.00732731587537,6.12823601340094,82.1627970025739
50,0.589667968749999,9.400864,0.481796874999999,0.581808643341069,2.29225990606492,2.77478321527731,6.06821808381843,82.0405180675813,0.677577189232206,0.819055516027469,0.625353380622129,2.17676133056635,3.1759875552567,6.06821808381843,82.0405180675813
50,0.70642578125,8.80489600000001,0.585703125,0.728697986602789,1.766518523588,3.43934803435598,6.11651714418983,82.0502399409559,0.756568129447904,1.05536314592067,0.624990000041177,1.69982989820372,4.46636383866216,6.11651714418982,82.1855914796552
50,0.534638671874999,10.473608,0.413437499999999,0.73448620319367,2.30441138046531,4.39922801142865,6.15883109668036,82.0583796479086,0.650322899370438,0.938998021507489,0.778452812884611,2.10033590124383,5.07880489273205,6.15883109668035,82.0583796479086
50,0.6948046875,6.19265599999999,0.578593749999999,0.675249099731452,1.98043213420795,5.69114928292297,6.03892732964447,82.0343894363749,0.615492223745233,1.10554824604665,0.202854872588847,2.14747057639239,10.9375505562049,6.03892732964447,82.0343894363748
50,0.375566406249999,7.044456,0.239531249999998,0.925278186798103,2.53099858253215,11.5942134387912,6.02610666072847,82.031649910496,0.552764265400619,0.972562921389158,1.14132748397043,2.03111952980808,6.08638367735621,6.02610666072846,82.0316499104961
50,0.612431640625,6.278816,0.506953124999999,0.556285862922673,2.26399385106452,4.05991658677436,5.9548071012818,82.0157568707875,0.604188586333668,1.1635951739142,0.377101279891086,2.30944839651907,7.8598550920789,5.9548071012818,82.0157568707875
50,0.741015625,9.600624,0.623232421875,0.693644146919255,1.96426546552765,5.90460346481471,6.192167478823,82.0645541813806,0.779330443582716,1.42353819972922,0.675639259720731,1.88923419598419,8.95721696241515,6.192167478823,82.0645541813806
50,0.396484374999999,6.027768,0.277812499999998,0.704150695800787,2.60371136036859,4.74921860077606,4.92194035359759,32.0080403110653,0.578237759242989,1.37567907691609,1.4847055097774,2.3242006964539,7.31735104256989,4.92194035359759,32.0080403110653
50,0.835556640625,9.012,0.72365234375,0.62612858295441,1.68721058149101,1.97369812418344,6.05993647482011,82.3689030190122,0.728933056390221,1.347284706919,0.229578885169919,1.83203446152476,3.46538444010855,6.05993647482011,82.0388034340415
50,0.729599609375,6.718744,0.595546874999999,0.898506779670724,1.7720594087066,2.80742274745674,5.99996142200195,82.0259531491109,0.663907548168455,1.2130472670875,0.390035345553509,1.85318000298509,3.87525274843348,5.99996142200195,82.0560826131043
50,0.377275390624999,5.765832,0.267968749999998,0.597397084236149,3.08337971832642,10.1880936274062,5.91234797229468,82.00573995336,0.42270545019407,1.25114885074909,0.67809359399519,2.98337971832642,14.0225999019795,5.91234797229468,82.00573995336
50,0.699111328125,8.290968,0.573056640625,0.794489212036139,1.98353508441633,2.91787795984717,6.07233331015587,82.0413648219717,0.715560288732639,1.0599238584984,0.399514425481876,1.92555189113902,3.47910882415226,6.07233331015588,82.0413648219717
50,0.83630859375,9.141248,0.72625,0.605644702911379,1.69626033671057,2.66216829670062,6.15505751177469,82.0576676507566,0.770789360544188,1.43744346090998,0.199289482349234,1.85212422893588,5.57924641951057,6.15505751177469,82.2812258351368
50,0.6483203125,8.975112,0.539765624999999,0.589206008911139,2.51877748704615,4.89016367849062,6.11651714418983,82.0502399409559,0.725660433928652,1.27589130659557,0.754820699971374,2.38222563310299,8.31498809795212,6.11651714418983,82.0502399409559
50,0.566425781249999,5.755904,0.451718749999999,0.657885150909429,2.37896260121581,4.1971752480201,5.92670225835949,82.0091740979133,0.526422080051164,1.11193794445027,0.33020675669524,2.37896260121581,5.80813949551569,5.92670225835949,82.0091740979134
50,0.634306640625,7.907632,0.509687499999999,0.776496510505683,2.1202129880964,4.55216521796513,6.04738402706276,82.0361773376468,0.558558708080665,1.80849318260871,0.188801026802931,2.27142584930926,8.95437106837122,6.04738402706276,82.0677501428161
50,0.583994140625,10.633168,0.474140624999999,0.603389744758612,2.15878491523022,2.73059198311044,6.12043871281728,82.0510088759809,0.631084929102035,1.23455553066884,0.790935196111325,2.03164048707773,4.171857743508,6.12043871281728,82.0510088759809
50,0.66595703125,9.668024,0.550703124999999,0.664173145294196,2.32001480850068,4.64661705762311,6.13597298625419,82.0540253534884,0.706575915915417,0.799402280211607,0.506404537898226,2.24451623300211,5.04294346173955,6.13597298625418,82.0540253534884
50,0.75359375,9.753432,0.649140625,0.545522766113282,1.89010751878849,2.82246515819294,6.14365055772486,82.0871892984731,0.750693687454465,1.36780465337039,0.470851119398409,1.91574854442951,5.34523592514633,6.14365055772486,84.1062775046759
50,0.667529296875,4.828024,0.552753906249999,0.65866951465607,2.35254085116997,4.90847095533101,5.84764892936628,81.989634499944,0.679227457423296,1.94668195260352,0.675350293304863,2.2999092722226,9.08191029612783,5.84764892936629,82.134617291049
50,0.600126953125,7.043952,0.490410156249999,0.601888775825505,2.27775551200436,3.3456458894364,5.96856876222164,82.0189133035966,0.72905882299854,1.03335807356909,0.974828409708942,2.07711200896956,3.82427076615401,5.96856876222164,82.0189133035966
50,0.725703125,5.026048,0.569843749999999,1.21460723876954,1.76462157884369,5.62219162366485,6.04316461778006,82.069164901191,0.833007294171376,1.63137192528618,0.943694737589519,1.67043872445096,6.25406515238854,6.04316461778007,84.0340784818793
50,0.395322265624999,5.105408,0.260039062499998,0.915077252388008,2.62146862155912,5.73699755164268,5.87303094812144,81.9960773007499,0.531602463846331,0.95660500119353,0.946399424520235,2.27529129097776,7.18274333577074,5.87303094812144,81.9960773007498
50,0.687353515625,10.377344,0.567109374999999,0.722932667732246,2.0100260229555,2.93982935832065,6.12823601340094,82.0525288291663,0.634431000093654,0.934410185755918,0.276998688747082,2.03943778766139,3.99853662960276,6.12823601340093,82.0525288291662
50,0.502509765624999,4.576632,0.345624999999999,1.23064148426057,2.26215834965755,6.20978380374666,5.90751705442028,82.0045730649845,0.62858415613736,1.1855572317879,1.017960715153,2.09155887666677,5.41360733495206,5.90751705442028,82.0389219055971
50,0.675732421875,6.186672,0.545507812499999,0.847922444343575,1.9745047783974,3.83707046596019,5.93615857598445,82.011409658983,0.641144904897033,1.45716996829848,0.470491515917102,2.04470182273237,5.66697409797942,5.93615857598446,82.011409658983
50,0.68345703125,8.252664,0.570937499999999,0.633032245635992,2.05408494087929,3.47775643521732,6.11258013631581,82.0494649394059,0.690251978110959,1.28175608356822,0.597696280147115,2.02378191057626,5.46883512641622,6.11258013631581,82.1878824871799
50,0.7598828125,7.6528,0.65953125,0.50352180480957,2.02434051229851,2.19259870590287,6.05158570773503,82.4415345951016,0.79451623837353,1.62294740690481,0.642790063140911,2.02434051229851,5.2082667359243,6.05158570773503,86.7619562115595
50,0.551523437499999,8.564784,0.446249999999999,0.554124832153325,2.48693235335185,4.13815614077337,6.03467201049553,82.0334840493218,0.72047118150079,1.37945884723399,1.39501253778538,2.25871383274203,6.26730930685172,6.03467201049554,82.0334840493218
50,0.464160156249999,5.941728,0.321425781249998,1.01865509033204,2.69396398229914,8.03281494381858,5.94552630886147,82.0136035314968,0.601891919506973,0.937919286713574,0.92790145123563,2.21123479777463,6.80522416604311,5.94552630886147,82.0136035314968
50,0.615166015625,12.044256,0.509687499999999,0.556285862922673,2.16492228338648,3.60637708969829,6.192167478823,82.0645541813806,0.702702522818778,0.906298490420277,0.753274838328346,2.01760828202836,4.4556479851208,6.192167478823,82.0645541813806
50,0.626171875,7.639536,0.496562499999999,0.839929504394537,2.22840853059206,5.88485295671586,6.00436670834557,82.0269234764993,0.788270111800441,1.1667192873318,1.19261636434339,1.82980751155093,4.63584165064026,6.00436670834556,82.0269234764993
50,0.60689453125,6.19883199999999,0.488359374999999,0.702529163360602,2.11074408060598,3.43851336964152,5.92670225835949,82.0091740979134,0.638782262098554,0.846107945638418,0.650435130545785,2.03524550510741,3.54080815265976,5.92670225835949,82.0091740979134
50,0.784560546875,8.280152,0.68892578125,0.457300419807436,1.83308578667387,2.11222245282432,6.03467201049553,82.0334840493219,0.686833997471404,1.34341751609145,0.0752220434805856,1.97617681505901,4.57770988688007,6.03467201049553,82.0334840493219
50,0.629384765625,8.11598400000001,0.515703124999999,0.646175770759588,2.14321525724345,4.26689082426354,6.03467201049554,82.0334840493219,0.681995798112869,1.14963261109524,0.586703615928145,2.03968487957514,5.07241830304138,6.03467201049553,82.0334840493219
50,0.603544921875,8.361008,0.502031249999999,0.515251278877262,2.6036120951393,6.5353275072973,6.04316461778006,82.035287166912,0.674683281700756,1.24527234670861,0.695781536968944,2.35235136756279,9.19710683024319,6.04316461778007,82.035287166912
50,0.853193359375,6.384944,0.734453125,0.704962162971501,1.62764048304309,2.79239413957652,5.97763910364492,82.0209700915107,0.877639794546969,1.34114464303125,0.652108203989638,1.62764048304309,4.11131952652161,5.97763910364492,82.4515932529278
50,0.65283203125,6.4372,0.547148437499999,0.558451099395758,2.13220819686711,4.79673124550006,5.98662791308216,82.0229900690887,0.649335881657286,1.34547643217817,0.495906292770917,2.13220819686711,7.43839760124893,5.98662791308216,82.0229900690888
50,0.62111328125,6.271816,0.493828124999999,0.810075550079353,2.05046806467855,7.24592977903628,5.97763910364492,82.0209700915107,0.638627125033224,1.27198753976955,0.483288274771183,1.9503939082084,8.88953133379853,5.97763910364492,82.0209700915107
50,0.85326171875,6.465888,0.7325390625,0.728697986602786,1.85035877177621,2.85675637951936,5.96856876222164,86.8837365128895,0.833730674224736,1.22373965485602,0.479321946653433,1.8503587717762,4.55355329736019,5.96856876222164,86.0637682134651
50,0.8714453125,7.020872,0.747578125,0.767154006958012,1.78055738432776,2.52559313420006,5.98214360814943,89.4807874877202,0.760600062377611,1.14327711449817,0.183618378008519,1.9548984127129,4.82557328387424,5.98214360814943,84.4420817631521
50,0.400380859374999,11.10072,0.269882812499998,0.851487011909491,2.51347239191763,7.38526623266208,6.15883109668035,82.0583796479086,0.547856956277299,0.832420841761255,0.903429511294247,2.16384396575996,5.98711545066184,6.15883109668035,82.0583796479086
50,0.580234374999999,9.33404,0.474277343749999,0.561344623565677,1.94989383041572,3.94157232938807,6.09667524943258,82.0463028090797,0.563215267631001,1.0277558782493,0.320409772146287,1.94989383041572,5.23373385326755,6.09667524943258,82.0463028090797
50,0.6576171875,7.296216,0.553437499999999,0.542670364379888,2.01168213420795,4.48189722155257,6.03892732964447,82.0343894363749,0.752877723885464,1.1013314927709,0.8591094472267,1.81102531634912,5.01422330453593,6.03892732964447,82.0343894363748
50,0.59486328125,6.625704,0.457187499999999,0.947731037139901,2.10243205482641,6.69048962794334,6.06408585241347,86.5626262115769,0.635563790143883,1.24227619951452,0.862575978519927,2.00559065697695,7.55677041472628,6.06408585241347,87.9858104653647
50,0.532041015624999,12.399776,0.435722656249999,0.463861317634587,2.268632803493,3.92041852660753,6.19580384245936,82.0652153384054,0.56778189309957,0.886610410367002,0.444858978147031,2.23415004487231,5.42925928177688,6.19580384245937,82.0652153384054
50,0.65365234375,7.03224,0.549882812499999,0.538405780792243,2.16168092589141,1.97850090050624,5.97763910364492,82.0209700915107,0.774066888955747,0.884454750399845,0.853712210292152,2.08618235039284,2.85872897689712,5.97763910364492,82.0209700915107
50,0.6324609375,10.362016,0.525068359374999,0.576658291816717,2.20093669758954,3.25863119362384,6.16259049517659,82.0590863017613,0.586793089949698,1.20430471615941,0.327513310777955,2.23541945621023,3.80626995071992,6.1625904951766,82.0590863017613
50,0.760771484375,8.504312,0.62453125,0.928070073127751,1.69135995908437,4.25084743988894,6.06408585241347,82.712520421646,0.848556319459828,1.23707611681377,1.05127366355068,1.52604190171602,3.82879351324379,6.06408585241347,86.2656317556542
50,0.730966796875,9.53445600000001,0.632255859375,0.48719245910645,1.94989383041572,2.43123741185572,6.09667524943258,82.0463028090797,0.706474850916907,1.09637540124515,0.244386840536442,1.94989383041572,4.30105785944364,6.09667524943258,82.0463028090797
50,0.7615234375,8.388632,0.631640625,0.843477249145511,1.82917869955437,5.04689522372921,6.13211198239319,82.0532799859477,0.811807909388136,1.1672259924662,0.836026771516523,1.75938608906409,6.73606821510069,6.13211198239318,84.5946932915128
50,0.776767578125,8.940136,0.6608984375,0.671282887458802,2.26455512571117,4.09105512274293,6.08051330346468,82.0430376362306,0.894850499521473,0.978672928741303,0.820887261771673,1.96230331301924,5.29541497062871,6.08051330346468,83.6286359302248
50,0.76658203125,6.788704,0.64640625,0.722110919952396,1.78055738432776,4.17670340126664,5.98214360814942,82.0219846195522,0.7585589261333,0.889754534850406,0.359048182725894,1.78055738432776,4.47013726871676,5.98214360814943,82.0219846195523
50,0.700205078125,9.242744,0.590898437499999,0.597397084236151,2.22112338306373,4.0475686389407,6.11258013631581,85.4518537933621,0.636250938725313,1.38598302045183,0.125004693670629,2.29662195856231,7.5507576379193,6.11258013631581,85.8432462082578
50,0.578730468749999,8.943416,0.476874999999999,0.518726825714115,2.27981163039994,3.65241825411003,6.05576980815344,82.1081759734394,0.653535534822284,1.34880017729663,0.819054852155223,2.16431305490136,6.31298608914427,6.05576980815344,83.0654525170325
50,0.483779296874999,7.338672,0.377070312499999,0.569340367317205,2.29133035793215,3.02451292747971,5.98214360814942,82.0219846195523,0.493515876706945,0.731646775491561,0.497661507755283,2.29133035793215,3.24656418164768,5.98214360814943,82.0219846195523
50,0.791259765625,8.867248,0.6890625,0.522214055061344,1.96697158241389,1.97818645696527,6.05576980815344,82.4218092531807,0.646817806882667,1.20959012819217,0.148424345752348,2.06078267723305,2.97673455850519,6.05576980815344,82.0379353784859
50,0.90671875,5.813824,0.792353515625,0.653970341682437,1.88510277685816,2.82563408209263,5.91234797229468,82.00573995336,0.946379358273856,1.1564914900389,0.709171447784954,1.88510277685816,3.72163038245013,5.91234797229468,82.00573995336
50,0.597939453125,6.793856,0.492324218749999,0.557728886604314,2.31405669144994,2.49085489577235,5.95941539621267,82.016818689896,0.710871149112518,0.852091790047903,0.807492836889579,2.2686021459954,3.41130636869803,5.95941539621268,82.016818689896
50,0.451445312499999,6.505568,0.338515624999998,0.637655715942388,2.45506939345585,5.88980115823248,5.95017747165217,82.0146851972621,0.510632307041546,0.681944995672845,0.538278938225697,2.40243781450849,5.85463506196934,5.95017747165217,82.0146851972621
50,0.498203124999999,8.634376,0.382812499999999,0.665749816894537,2.4098619992153,3.23765023509082,6.10067524943258,82.0471028090797,0.665831397195024,0.829618636189013,0.872274774249489,2.04218005399606,5.49752700409394,6.10067524943258,82.0471028090797
50,0.69576171875,7.198792,0.575312499999999,0.725400714874275,2.0771956693792,3.28479043440305,6.00436670834556,82.0269234764994,0.703840319800802,1.0742074533557,0.310174166491979,2.0771956693792,4.05607916587124,6.00436670834556,82.0269234764994
50,0.640732421875,7.652656,0.526093749999999,0.657101254463201,1.98888883162624,3.66333454066023,6.04738402706276,82.0361773376468,0.508981418290769,1.54731248282813,0.126454265553038,2.31309251597592,9.98190528954688,6.04738402706277,82.0361773376468
50,0.597392578125,7.50369600000001,0.486718749999999,0.612434811592107,2.14111692702585,3.58004281233647,5.99553664324089,82.0249742157567,0.549249129718496,0.869671059462855,0.337988987270262,2.17957846548738,4.28833934459711,5.99553664324089,82.0249742157567
50,0.6671875,12.230472,0.559179687499999,0.583284378051762,2.14813906603405,3.28535146027401,6.20663426147057,84.145200719991,0.663200260467081,1.05502611250004,0.367226732206279,2.14813906603405,4.39955297532022,6.20663426147057,85.1956403375361
50,0.523154296874999,6.79404800000001,0.409609374999999,0.644622464179997,2.27775551200436,4.63082432677843,5.96856876222164,82.0189133035966,0.479474523097331,0.945708199493575,0.415810652910228,2.47346068402532,5.89584075499112,5.96856876222164,82.0189133035966
50,0.8290625,15.98408,0.733291015625,0.458608860969545,1.75381717919615,1.36946878139096,6.27263036066283,82.1136476215781,0.690495602810025,1.29275280320307,0.00189106330679359,1.87768224511151,3.7802208366988,6.27263036066283,82.0786362737641
50,0.764189453125,7.23196,0.66609375,0.481138348579407,1.87732665279546,2.66661820515382,5.99553664324089,85.3660118563032,0.561811926384998,1.59377549456032,0.000402289765276414,2.30472339302362,9.83110692120583,5.99553664324089,82.5355727999883
50,0.698017578125,6.648032,0.563417968749999,0.905852742195137,1.99610506787606,4.37768497298998,5.99109219879645,82.0239865614357,0.847977645704795,1.00570847685239,0.969216866424997,1.7631901855011,4.01469724788172,5.99109219879645,82.0239865614357
50,0.336601562499999,5.927056,0.201249999999998,0.916002273559578,3.46707933196296,12.9508721322772,6.05993647482011,82.0388034340415,0.504996751334162,1.10855830224829,1.06940561378983,2.80837414825778,15.0883569426738,6.05993647482011,82.0388034340415
50,0.573261718749999,7.419144,0.424921874999999,1.10023546218873,2.37531145523331,5.75708838498292,6.15126963298681,82.056950249471,0.722988206440344,1.42224879222141,1.28845020367228,2.1240244375503,7.82297602746476,6.15126963298682,82.2981354394278
50,0.6302734375,6.71071999999999,0.525546874999999,0.548382644653325,2.34126920831943,3.58818691455997,5.98662791308216,82.0229900690887,0.597108632763521,0.878232150588841,0.245405127934535,2.34126920831943,4.32992066378436,5.98662791308216,82.0229900690887
50,0.681611328125,9.259608,0.551523437499999,0.846142964363106,1.87892707964301,3.14623284773944,6.08051330346468,82.0430376362307,0.758876121202383,1.26037001246896,0.965956993201802,1.70778741013558,3.26119657838659,6.08051330346468,82.0430376362307
50,0.65173828125,7.72936,0.531015624999999,0.72869798660279,1.96636835366965,4.93117628503433,6.08457834411508,82.0438638640052,0.600241918196241,1.09160065389431,0.312603586552776,2.15740730514871,7.78756903626422,6.08457834411508,82.0438638640052
50,0.58556640625,10.588184,0.486855468749999,0.48719245910645,2.31615380463968,5.54229028596248,6.13211198239318,82.0532799859477,0.568554724705714,0.894708283781538,0.206955882066722,2.39782047130635,7.20756414111854,6.13211198239318,82.0532799859477
50,0.829609375,6.599784,0.683046875,1.0740283203125,1.57884939725479,3.31727516435606,5.99553664324089,83.7901778898045,0.800004208837038,1.29144441519155,0.76962741208272,1.66879383659255,3.83377575798793,5.99553664324089,85.7792200990012
50,0.709228515625,7.282048,0.606484375,0.527817921638494,1.92813271764564,1.92391525529737,5.98662791308216,82.0229900690887,0.715115637119405,1.14388455683774,0.492008870496327,1.92813271764564,2.93585670214871,5.98662791308216,82.0229900690887
50,0.691181640625,7.757784,0.580234374999999,0.615464787483219,1.90307308935593,5.55669895056659,6.10465931317759,82.0877079465016,0.623872219989857,1.95921171212114,0.193638570749084,2.17748827421123,10.5519642695406,6.1046593131776,84.2274876636502
50,0.657138671875,6.073792,0.534843749999999,0.747802395820625,2.13421929389866,4.25597691912482,5.95017747165217,82.0146851972621,0.884980572968601,0.968899934313382,1.25760052979554,1.77561827485753,4.09259677164969,5.95017747165217,82.0470822181467
50,0.64927734375,6.928456,0.528964843749999,0.723754882812506,2.25680068770961,3.70040921471894,5.99109219879644,82.0239865614357,0.768792073923339,1.06224567990671,0.948041420564843,2.09963544554436,4.74938004107658,5.99109219879645,82.0489072584512
50,0.528896484374999,7.70627200000001,0.418906249999999,0.604892582893376,2.78736500308214,6.45995664277701,6.03892732964447,82.0343894363749,0.637586121321207,1.30323344093466,0.952418174228607,2.44118767250079,10.8192546819516,6.03892732964447,82.1677095129873
50,0.5898046875,6.57428,0.473867187499999,0.672075195312507,2.30481876688944,4.77284756569594,5.95017747165217,82.0146851972621,0.600703460339125,1.13876221291272,0.637218446314507,2.21588596056533,5.73784479102858,5.95017747165217,82.0146851972621
50,0.611953125,7.953568,0.508593749999999,0.534158020019536,2.01813235456453,2.15347191499118,6.01311948548492,82.0288387633613,0.642627878373434,1.29384601222322,0.467640330968647,1.9858742900484,3.2029810462541,6.01311948548492,82.0288387633613
50,0.79802734375,5.28109600000001,0.674296875,0.765461444854741,1.72322543991312,2.07150832132124,5.89778463670775,86.6023291725805,0.795565852748394,1.2990642908301,0.527110119659231,1.72322543991312,2.86629166787039,5.89778463670776,89.8562059273643
50,0.520898437499999,5.876888,0.400312499999999,0.727048416137701,2.27658164883486,6.49433890606373,5.92194035359758,82.0080403110653,0.589180289212545,1.02045509533463,0.716262084577636,2.14598217584408,6.45592314895613,5.92194035359758,82.0080403110653
50,0.72228515625,8.67555199999999,0.5971875,0.782471179962164,2.05013237170933,3.7667228194207,6.10862756714585,83.2512979268481,0.725963246706965,1.15627657022008,0.61607563246394,1.99041757670042,4.80298557793852,6.10862756714585,83.2905178536014
50,0.5974609375,10.16052,0.494238281249999,0.532745838165287,2.24225553321753,3.46220421707879,6.09667524943258,82.0463028090797,0.573793842973822,0.901065248732069,0.285697832189904,2.28071707167907,4.84048436382703,6.09667524943258,82.0463028090796
50,0.493691406249999,8.77492,0.386914062499999,0.570070056915287,2.16847972156803,3.49404541903578,6.05993647482011,82.0388034340415,0.47438376854623,0.852569321605658,0.21245127660687,2.16847972156803,4.55924248488742,6.05993647482011,82.0388034340415
50,0.673134765625,8.469672,0.555898437499999,0.687217831611641,1.94160028048248,2.53632888010249,6.03039850622203,82.0325709073831,0.830804584849036,1.53078649489942,1.45271164139605,1.72746522338321,3.83288245777894,6.03039850622203,85.0413117817267
50,0.546464843749999,5.936608,0.422255859374999,0.771393589973457,2.3337019377087,4.56767704454674,5.93144159485238,82.010297163433,0.671540181668737,1.30980976773233,1.15533576535354,2.07702187863734,4.77978313147347,5.93144159485238,82.010297163433
50,0.87171875,12.275512,0.733154296875,0.960005383491519,1.59993425859283,2.81793800507546,6.3282001622986,83.1981607757259,0.826374734450264,1.48899792450665,0.348153793026584,1.6819455685559,4.10331785925481,6.3282001622986,82.0877209644323
50,0.58953125,8.437984,0.467304687499999,0.746966629028327,2.4745936530122,5.85440950885573,6.07233331015588,82.0413648219717,0.684597491146363,0.960704393553561,0.696612956746107,2.3815200599386,6.09063593949899,6.07233331015588,82.0413648219717
50,0.72091796875,6.377256,0.5971875,0.765461444854742,2.04470182273238,3.05206872266223,5.93615857598446,82.011409658983,0.515208037558046,1.45802377416719,0.000613515400166665,2.38841891884078,5.94110287132386,5.93615857598446,82.011409658983
50,0.84697265625,11.869432,0.741083984375,0.560620541572575,1.81477095919355,3.24433929477908,6.23145820517965,88.8103035210421,0.786924879435658,1.34400209571923,0.229735257469902,1.95291516624328,6.69566035207314,6.23145820517965,89.4735221092212
50,0.6461328125,10.298008,0.549062499999999,0.471132278442386,2.14300551559054,3.19654399768063,6.10465931317759,82.0478964472759,0.714926581395379,0.990773275845829,0.576184554523538,2.07741411774108,5.0117343277041,6.1046593131776,82.0478964472759
50,0.680244140625,10.655992,0.569023437499999,0.618502240180975,2.20443989994477,4.91120005423449,6.19942703086517,82.0658717131166,0.63294491979084,0.866142468714519,0.389468607406833,2.2722559918988,6.28935014664737,6.19942703086517,82.0658717131166
50,0.65365234375,8.887976,0.554667968749999,0.489895324707035,2.53277364632099,6.23341035487684,6.08051330346468,82.0430376362307,0.582603504381066,1.20842698598808,0.182032984410206,2.69978431023568,12.1744654718946,6.08051330346468,82.0430376362307
50,0.649755859375,8.312784,0.530742187499999,0.708212704658516,1.96184614812899,3.77313095818711,6.10862756714585,82.0486837992537,0.594376990466686,1.44682450444524,0.193437372917965,2.0198293414063,7.47235118384646,6.10862756714585,82.0486837992537
50,0.705537109375,7.671736,0.576406249999999,0.833738942146309,1.86633806646806,2.26222389104912,6.01311948548492,84.2450173779002,0.713974558292262,1.41816373735148,0.633361360685441,1.86633806646806,3.10400607068978,6.01311948548492,87.5576191089802
50,0.7232421875,8.25209599999999,0.61564453125,0.578862781524664,2.36912322460284,6.92562505790102,6.05993647482011,82.0388034340415,0.811845219350663,1.33750630654353,0.886756982277017,2.09828267723305,9.83285734587174,6.05993647482011,82.0388034340415
50,0.542431640624999,13.514864,0.438046874999999,0.544808964729314,2.36647502136963,4.44538744652243,6.22089473758467,82.0697123767814,0.577306531020906,1.05698769845553,0.498847225420743,2.36647502136963,6.86015290474661,6.22089473758467,82.1011168264859
50,0.711142578125,8.340384,0.608671875,0.525012249946599,2.11477787322456,5.26962349825521,6.07643167081161,82.042204649975,0.662390406425948,0.990976526340591,0.121065520686294,2.22201195459657,7.56413797223393,6.07643167081162,82.0422046499749
50,0.646201171875,9.955792,0.529101562499999,0.685615925788884,2.25023959696255,2.94416590079238,6.10465931317759,82.0478964472759,0.752413757566353,1.01412446668398,0.927826449907799,2.07741411774108,3.7248317246779,6.1046593131776,82.4347748690279
50,0.59390625,5.970496,0.451992187499999,1.0069800567627,2.28230096654982,5.36539624522132,5.97311421676709,82.0199463614479,0.633004594812502,1.01966987459769,0.375640520957884,2.15715603901359,5.302801214192,5.97311421676709,82.0199463614479
50,0.529101562499999,7.128048,0.407968749999999,0.733657913208014,2.28230096654982,3.04520139588072,5.97311421676709,82.0199463614478,0.642044711281792,0.815067230831756,0.704310452416115,2.19715603901358,2.92864846826307,5.97311421676709,82.0199463614479
50,0.521240234374999,8.244976,0.386367187499999,0.909536938667304,2.59084598358127,6.92584622736379,6.03039850622203,82.0325709073831,0.617217494044169,0.877235639960196,0.797085223249899,2.33958525600475,5.93330302313355,6.03039850622203,82.0325709073831
50,0.460468749999999,6.582,0.350957031249999,0.59964082717896,2.52901623958088,4.7850476661629,5.96856876222164,82.0189133035966,0.721652484804876,1.34590922253739,2.07315990348092,2.00691496463458,5.61453931042353,5.96856876222164,82.0189133035966
50,0.687080078125,10.901944,0.5947265625,0.42645859241486,2.21264810113398,3.85712051964155,6.13981914010034,82.0547649984588,0.706243134582579,1.17582288715468,0.470686560181416,2.17816534251329,6.9170936162209,6.13981914010034,82.0547649984588
50,0.568203124999999,8.361656,0.444062499999999,0.770544738769538,2.44730048041282,4.04880440761766,6.09265918517555,82.0454963704739,0.773194094658238,0.929706179407714,1.33991572036222,1.94587776615869,4.89973896656907,6.09265918517555,82.0454963704739
50,0.517207031249999,7.189008,0.382128906249999,0.91230499267579,2.73335671450604,6.52198575482905,6.05158570773503,82.0370600436704,0.622327003342598,1.32929868612268,0.890054871125331,2.31729419664819,8.19774652171488,6.05158570773503,82.0370600436704
50,0.483642578124999,6.42048,0.369824218749999,0.647730946540838,2.31405669144994,5.88506484431112,5.95941539621268,82.016818689896,0.555883232167293,1.08255059576916,0.84017544782243,2.18345721845917,7.26385167250148,5.95941539621268,82.4550179822464
50,0.703076171875,9.06696,0.573876953124999,0.834621906280524,2.22409859402045,5.66957229633484,6.15126963298681,82.085896252986,0.682406293157233,1.10747825601247,0.513607398464969,2.25981287973473,7.98421114405781,6.15126963298681,82.0861953762921
50,0.7833984375,11.701568,0.676484375,0.571530838012698,2.18581355403094,3.50599498211756,6.14746735161799,82.0562273822907,0.755635005827995,1.11057109741239,0.325257717563286,2.18581355403094,4.75990608727919,6.14746735161799,82.0562273822906
50,0.490410156249999,6.839016,0.377343749999999,0.639200611114507,2.52235923337556,8.97742118361817,6.01746731157187,82.0297839429454,0.528720849757031,1.46011560975127,0.636444835374787,2.4197276544282,13.849717790704,6.01746731157187,82.0297839429454
50,0.59267578125,14.757576,0.480634765624999,0.62765945911408,2.097579666134,3.46897191109312,6.29916588995566,82.0830373674331,0.519108617016666,1.10975213069437,0.124449941547037,2.27192069451914,6.45034896258336,6.29916588995567,82.0830373674332
50,0.587412109375,11.730568,0.482890624999999,0.546237034797673,2.36386096234684,3.30105714548297,6.13981914010034,82.0547649984588,0.686104676267219,1.00659974022149,0.726002950613901,2.11257394466382,5.04839954633026,6.13981914010034,82.0547649984588
50,0.68537109375,7.73636,0.569296874999999,0.673661212921148,2.00742681505901,4.07885098931224,6.03467201049554,82.0334840493218,0.757504610285881,1.02820403277902,0.768179167931296,1.80676999720018,5.08984338622191,6.03467201049553,82.0334840493219
50,0.705400390625,7.580936,0.583515625,0.742794804573064,1.70581939041903,2.21402340657239,6.00875267325784,82.0278853109099,0.814903648634889,1.23133884769263,0.988513239600642,1.52954733492842,2.56690782656907,6.00875267325784,82.0278853109099
50,0.68126953125,16.890664,0.582832031249999,0.484497070312505,2.11058796818188,3.42087450306376,6.31217419200354,82.0851525944231,0.662961832864309,0.960794509784433,0.369874891424403,2.19396420155811,5.16107991200945,6.31217419200355,82.0851525944231
50,0.600126953125,6.69992,0.481113281249999,0.708212704658514,2.0005495123205,3.91450314583264,5.99553664324089,82.0249742157566,0.695514778788566,0.889898281918916,0.70934208150884,1.76763462994554,4.10538740607537,5.99553664324089,82.0249742157567
50,0.6488671875,10.721488,0.537304687499999,0.622309570312505,2.26360075852261,5.29060917399698,6.15505751177469,82.0576676507566,0.785714600941635,1.07839979778798,1.04406543740267,1.90151447283832,5.66459618758872,6.15505751177469,82.0576676507566
50,0.613251953125,5.5188,0.498203124999999,0.661811642646795,2.41240897622397,4.31497937993414,5.90751705442028,82.0045730649845,0.541209604142029,1.25015481190779,0.275121411161019,2.52678806119129,5.63252676391579,5.90751705442028,82.0045730649845
50,0.71681640625,9.178296,0.6146875,0.521515674591069,2.0491864753751,2.7813996487733,6.07643167081161,82.042204649975,0.802338075942672,1.24149731280697,0.751200286504683,1.98763344507206,4.60774530054129,6.07643167081161,82.042204649975
50,0.6948046875,7.556632,0.576132812499999,0.704150695800789,2.07323095289804,4.91288118845714,6.06821808381843,82.0405180675813,0.866672366616918,1.03164793456749,1.12028088824068,1.60942090875431,4.81161531046802,6.06821808381843,82.0405180675814
50,0.61974609375,9.550816,0.495195312499999,0.775644855499273,2.48287730863821,5.85072581031872,6.12823601340094,82.0525288291663,0.695721866076774,0.833116809026478,0.587290802217539,2.31227783564743,7.11976729831081,6.12823601340094,82.0525288291663
50,0.7489453125,6.08128,0.60703125,1.0069800567627,1.67321861535361,3.6238087483389,5.99996142200195,82.0259531491109,0.715349009511575,1.14301937301738,0.361892647654841,1.74641838306558,4.28825356763744,5.99996142200195,82.0259531491109
50,0.799873046875,7.749512,0.6827734375,0.685615925788883,1.67738519460455,3.36459736658567,6.07233331015588,82.0762770995163,0.759527326589236,1.57244770300387,0.259959807444388,1.76940002731706,5.98090782065429,6.07233331015588,82.453947525392
50,0.7833984375,6.691096,0.67416015625,0.596650104522708,1.9503939082084,3.73373035432548,5.97763910364492,82.0209700915107,0.740957693919174,1.53447015098308,0.282281304326523,2.01598530605786,6.86472420232209,5.97763910364492,82.0540450140731
50,0.6409375,11.464296,0.530537109374999,0.609412312507634,2.17218183542864,5.9917059011735,6.19942703086516,82.0658717131165,0.737291656335922,1.0028103952082,0.823639198802443,1.92088399192879,6.04318946041851,6.19942703086517,82.0658717131165
50,0.509345703124999,8.479928,0.380351562499999,0.831974415779121,2.45803015100976,3.89586232870508,6.05576980815345,82.0379353784859,0.78746519146677,0.718027857159923,0.994881248386284,1.82786779485809,3.56591711884709,6.05576980815344,82.0379353784859
50,0.7308984375,7.911696,0.60990234375,0.732002735137945,1.95025747782133,3.87521687097338,6.00875267325784,82.5784165668484,0.666810808352641,1.43852473488978,0.238577682236099,2.08158163429148,5.8630393000302,6.00875267325785,83.543095494107
50,0.6100390625,7.942072,0.503124999999999,0.5715308380127,2.78310968393321,7.50809507226742,6.03467201049553,82.0334840493218,0.594765631923138,0.973455888696836,0.307162701510122,2.93146133228486,10.8196808921118,6.03467201049553,82.0334840493218
50,0.573261718749999,10.809672,0.470449218749999,0.528520507812504,2.36386096234684,4.14251338013107,6.13981914010034,82.0547649984588,0.559524301980579,1.10740454872235,0.212221577427841,2.36386096234684,5.81229748679616,6.13981914010034,82.0547649984589
50,0.680380859375,8.85167200000001,0.581874999999999,0.485170216560367,2.24812767465996,5.88908968458734,6.06408585241347,82.0396643007621,0.81656953616432,1.08010770505748,0.99464500205191,1.76115256957466,6.00824983882759,6.06408585241347,82.0396643007621
50,0.62453125,7.05804,0.518437499999999,0.56279418945313,2.53356169412633,4.04848924986462,5.9731142167671,82.0199463614479,0.698051270774972,1.52798080447022,0.814862023984156,2.32775551200436,5.63014941529536,5.97311421676709,82.0199463614479
50,0.59513671875,9.118616,0.484531249999999,0.611678485870366,2.44730048041282,5.28846605646337,6.09265918517555,82.0454963704738,0.65721974014361,1.00349795606318,0.735469088712626,2.27670100742204,7.55915472122931,6.09265918517555,82.0454963704739
50,0.485898437499999,6.254536,0.365039062499999,0.730349426269536,2.55153967615569,6.3300656302467,5.99109219879645,82.0239865614357,0.460790746817179,1.40210333806882,0.270871897101542,2.61036320556745,9.57192980679996,5.99109219879644,82.0239865614357
50,0.741630859375,7.09584000000001,0.6280859375,0.644622464179998,1.87732665279546,3.24851784680903,5.99553664324089,82.0249742157567,0.758676337090971,1.13905308862024,0.365283499257402,1.87732665279546,4.42152020252722,5.99553664324089,82.0724623164296
50,0.704580078125,4.85604,0.579687499999999,0.779907803535468,1.73124952910458,4.10516786636204,5.87803094812144,82.8344803606,0.70607444155474,1.01103750543945,0.575088620727974,1.73124952910458,4.83176119981371,5.87803094812144,83.4955695245659
50,0.71640625,7.47016,0.60375,0.63457153320313,2.16847972156803,3.38239871248725,6.05993647482011,82.0709856161194,0.729316814520738,1.1609540964936,0.558352211891117,2.13276543585374,4.78197305190295,6.05993647482011,82.2470946536856
50,0.660556640625,10.515504,0.553437499999999,0.573725514411932,2.14866342680447,3.88007305436091,6.14365055772486,82.0554989865096,0.574231019033845,1.47141947025789,0.115859833501843,2.28923084150982,9.06176682419462,6.14365055772487,82.0554989865095
50,0.699794921875,6.226728,0.571484374999999,0.823179821968086,1.85667633081973,4.64159068208901,6.08457834411508,82.0438638640052,0.600329183311385,1.96736861311956,0.29306901618802,2.02608314867856,11.5264290888207,6.08457834411508,82.5975712877582
50,0.718388671875,9.18211999999999,0.601015625,0.688821606636052,2.02378191057626,5.45630322669169,6.11258013631581,82.0494649394059,0.802131159566766,1.12273370480194,0.772270912353891,1.83403709737944,6.24179665188661,6.11258013631581,82.0494649394059
50,0.769453125,6.705592,0.643125,0.797939758300786,1.79395041941922,2.81525176178423,5.99553664324089,82.1539871416853,0.705170296535455,1.47854783229794,0.340750790570992,1.96829144780437,3.92303995199394,5.99553664324089,82.1375817323928
50,0.75455078125,6.10612,0.646953125,0.578862781524659,1.89469515816107,4.32057737204622,5.92194035359758,82.0080403110653,0.748557757945794,1.52743047080741,0.3818146269108,1.92695322267719,6.56080942042378,5.92194035359759,82.0080403110653
50,0.76685546875,6.48156,0.6453125,0.738634662628177,1.98265197272453,2.95258748215362,5.97763910364492,82.0209700915107,0.643856413504423,0.984129216762937,0.0638366955512059,2.20168092589141,4.31093332482485,5.97763910364492,82.0209700915107
50,0.505654296874999,5.965224,0.371874999999999,0.894845013618475,2.49151983488585,7.18965999855988,5.98662791308216,82.0229900690887,0.674036695361619,1.20412265092037,1.29714415115069,1.95938271764564,7.88733688739211,5.98662791308216,82.0229900690887
50,0.6103125,8.335232,0.503193359374999,0.573725514411932,2.30463581855763,5.03685419939734,6.03892732964447,82.0343894363748,0.606782943867735,1.15436079791252,0.613469946457329,2.30463581855763,6.91126608150907,6.03892732964447,82.0343894363748
50,0.800078125,7.569664,0.67921875,0.730349426269535,2.06494934389972,6.29762461789458,6.05993647482011,82.0388034340415,0.791636054631287,1.60198004631204,0.509372814197722,2.13276543585374,8.9903291992873,6.05993647482011,83.2116511161137
50,0.634990234375,9.224776,0.504218749999999,0.855059056282049,1.99303772108348,4.39041199186969,6.13981914010034,82.0547649984588,0.795535161301816,0.921789061695575,1.02798762813091,1.74487102454902,3.33440570738561,6.13981914010034,82.4008432719521
50,0.548037109374999,7.617672,0.424648437499999,0.761238217353827,2.99758996669453,8.59370638357887,6.01746731157188,82.0297839429454,0.585531921275248,1.13132413494119,0.528868836363807,2.76590498500955,10.1262975944872,6.01746731157187,82.0297839429454
50,0.62357421875,9.81484,0.515703124999999,0.581808643341069,2.24625553321753,4.27973368549165,6.10067524943258,82.1840575396459,0.630258452415398,0.997625095868458,0.531181061590866,2.24625553321753,5.94749165241609,6.10067524943258,82.6210033022116
50,0.746962890625,8.52196,0.6526953125,0.444318814277651,1.99309051229851,2.90262774912773,6.05158570773503,82.0370600436704,0.806537185849492,1.48375912399939,0.52465284654995,1.90480428871817,6.50706658681291,6.05158570773503,82.0370600436704
50,0.8911328125,7.502472,0.79009765625,0.510405139923098,1.8575852893287,1.89733877524893,6.00436670834557,82.2672537265247,0.759210806215913,1.29916453579335,0.0707227606441463,2.04271291075851,3.5849640809708,6.00436670834557,82.0269234764994
50,0.580302734374999,6.431696,0.465390624999999,0.660239644050602,2.05406955560939,3.08081998492935,5.94552630886147,82.0136035314968,0.622411491743094,0.801750513340246,0.698476210037497,1.95053917794108,3.2919485950351,5.94552630886147,82.0136035314968
50,0.533408203124999,9.778032,0.433808593749999,0.496004109382634,2.31615380463968,3.29769498016092,6.13211198239319,82.0532799859477,0.629796877002848,0.92648505040122,0.802721240100898,2.17045818480613,3.57293813675335,6.13211198239319,82.0532799859477
50,0.6608984375,9.520712,0.544550781249999,0.676838855743416,2.28603157938282,4.0733688740454,6.1774883326349,82.4723263563945,0.598265518089013,1.40223674647749,0.356813577444131,2.40153015488139,8.0893215379459,6.1774883326349,82.0618606693782
50,0.678876953125,11.368232,0.570253906249999,0.589948315620426,2.25031729366853,4.94408775186437,6.1774883326349,82.7405426860146,0.634149408017551,1.13236197915883,0.400171649307048,2.44319682154806,6.87640092098098,6.1774883326349,83.7844665152131
50,0.73021484375,5.467704,0.61755859375,0.634571533203131,1.99315330369474,3.2057405420107,5.9548071012818,82.0157568707875,0.807375014204636,1.15394887579919,0.898271345940175,1.86600887554225,5.19432077251759,5.9548071012818,82.1554025887274
50,0.59294921875,6.391784,0.476328124999999,0.68002397537232,2.46972765442819,6.60416678761155,6.01746731157188,82.0297839429454,0.648705058312702,1.23122013602395,0.606870366025274,2.28317580048503,8.99810690569494,6.01746731157187,82.0297839429454
50,0.538193359374999,5.773232,0.413300781249999,0.779907803535467,2.65110035892592,5.85345232346306,5.90266268548824,82.0033948200981,0.589727008725136,1.12966380590763,0.726112021048228,2.35492302834456,7.11888200115784,5.90266268548824,82.0033948200981
50,0.523154296874999,5.923792,0.400859374999999,0.747802395820623,2.47760314196161,6.443558967828,5.91715566460237,82.0068956486263,0.57959770933759,0.788680637297297,0.789917147520671,2.2263424143851,6.53950809000374,5.91715566460237,82.0068956486263
50,0.548789062499999,8.78148,0.427656249999999,0.733657913208014,2.09828267723305,3.19002378006859,6.05993647482011,82.0388034340415,0.663844624316678,0.990281718908248,0.846230563804884,1.88537727802547,3.00774385293499,6.05993647482011,82.0723737332801
50,0.547832031249999,11.535792,0.433945312499999,0.648509235382085,2.56127555670784,4.89194238521005,6.20663426147057,82.0671703216574,0.710688209394166,0.793579148846392,0.822612626945809,2.17938906603405,5.81234085570886,6.20663426147057,82.0671703216574
50,0.584746093749999,6.788928,0.465390624999999,0.712286396026616,2.03388284565383,3.55202600731172,5.99553664324089,82.0249742157567,0.659491405157813,1.0038242470729,0.787110545409114,2.0005495123205,4.10377753468532,5.99553664324089,82.0249742157567
50,0.520009765624999,9.551376,0.406054687499999,0.64928799152375,2.5843723252495,6.81974726393616,6.13211198239319,82.0532799859477,0.622223858670456,1.12973111025292,0.831309816537126,2.27769226617814,9.93161834561622,6.13211198239318,82.0532799859477
50,0.432988281249999,8.157096,0.310214843749998,0.753665847778326,2.68335685918448,6.64856096525005,6.06408585241347,82.0396643007621,0.62987068475957,1.07248663238181,1.33029045483836,2.17262909916139,6.99879495526852,6.06408585241347,82.0396643007621
50,0.604433593749999,6.839624,0.492734374999999,0.623835773468022,2.40222176485827,5.40318011774344,5.99996142200195,82.0259531491109,0.75517270313952,1.18483324194011,1.17980472542824,2.07279038303559,9.16071004464902,5.99996142200195,82.0259531491109
50,0.566904296874999,8.11001599999999,0.439687499999999,0.809205670356756,2.34214015972477,7.56396805043739,6.07643167081161,82.0422046499749,0.593388699355965,1.03058645404254,0.743985897544042,2.34214015972477,8.72204561058563,6.07643167081162,82.042204649975
50,0.725771484375,7.700088,0.61578125,0.604892582893376,2.39356862488174,6.23409957554296,6.03892732964447,82.0343894363748,0.754972344480811,0.973716714298568,0.59379116116723,2.22296915189096,7.70206790111106,6.03892732964447,82.0343894363748
50,0.771640625,12.90508,0.65078125,0.730349426269534,2.02636320942816,3.97386516290696,6.22794943324983,85.9200912065426,0.802704276195793,1.28488163204407,0.645722664846732,1.90120662660149,5.42365310997014,6.22794943324983,90.3237169095461
50,0.574902343749999,6.506104,0.465117187499999,0.602639026641851,1.99776159862562,3.17043351256067,5.95941539621268,82.0168186898959,0.481854603672135,1.09615654638445,0.187931879746815,2.18345721845917,4.61706510890294,5.95941539621267,82.016818689896
50,0.63587890625,10.668208,0.516181640624999,0.716371769905096,2.13534529974008,3.19457191516502,6.16259049517659,82.0590863017613,0.630324390310557,0.940346208490985,0.498557445091578,2.13534529974008,4.06954868204223,6.1625904951766,82.0590863017613
50,0.639912109375,10.033104,0.545234374999999,0.448193669319157,2.47508000805455,6.59483326508416,6.12043871281728,82.0510088759809,0.663582751843824,0.888785655220094,0.457475435918188,2.42962546260001,9.97001545346973,6.12043871281728,82.0510088759809
50,0.748740234375,8.230736,0.631640625,0.685615925788883,2.03111952980808,5.11850270686715,6.02610666072847,82.0316499104961,0.676046677633945,1.52970980288991,0.271318251323608,2.25014848297496,9.45617621417653,6.02610666072846,82.031649910496
50,0.666435546875,9.25132799999999,0.538261718749999,0.821426510810859,2.05802194875331,3.96966422901098,6.11651714418983,82.0502399409559,0.727191330373018,1.02344686510129,0.569902419447291,1.88861513089448,4.81322084146219,6.11651714418983,82.0502399409559
50,0.454453124999999,5.556856,0.321015624999998,0.890278320312507,2.2263424143851,5.07666330473855,5.91715566460237,82.0068956486263,0.478259398027239,1.42947240269529,0.836611845227863,2.14119748684887,6.36258503139466,5.91715566460237,82.042192275606
50,0.629453125,8.658456,0.515976562499999,0.643846511840826,2.29637513240237,3.96924911069177,6.07233331015588,82.0413648219717,0.764394227205234,0.984552579537326,0.978082619635592,2.01383811471936,5.33759802211188,6.07233331015588,82.0413648219718
50,0.652080078125,9.801336,0.534023437499999,0.696868519783028,1.99171507772512,2.96514676707021,6.08051330346468,82.0430376362307,0.64094672962624,1.08757680247997,0.323206831196029,2.02201810802815,4.01440119838127,6.08051330346468,82.0430376362307
50,0.806025390625,11.6692,0.6926171875,0.643071026802064,1.76867041973979,3.40789286121474,6.20663426147057,82.0671703216574,0.910646313538981,1.08047890986202,0.848327219838196,1.6312038677263,4.445454725183,6.20663426147057,83.5030109935175
50,0.812587890625,11.263704,0.703828125,0.591434330940248,1.64313441883782,2.80334057004042,6.18117836953527,82.0625414879945,0.755569504206089,1.28658715513793,0.241140521791939,1.80845247620617,6.06828955490558,6.18117836953527,82.0625414879945
50,0.604570312499999,6.804648,0.492734374999999,0.6253638458252,2.22512388512583,2.91875650617236,5.95941539621267,82.016818689896,0.587331031475781,1.1083076146396,0.354532786845016,2.22512388512583,3.94977171918607,5.95941539621267,82.016818689896
50,0.8047265625,7.964536,0.69671875,0.58328437805176,1.95012910390492,2.79117334562366,6.03892732964447,82.0343894363748,0.779668149456931,0.738695365605182,0.420438993038088,2.04394019872408,3.46907801228016,6.03892732964447,82.0343894363748
50,0.86775390625,10.856312,0.76125,0.567154102325445,1.69086181848281,3.38359873624445,6.17006715681224,82.0604838183742,0.756110150283234,1.45013391161322,0.0894710842567181,1.94216514351689,6.45321777153272,6.17006715681224,82.0604838183742
50,0.507910156249999,10.247088,0.401406249999999,0.567154102325444,2.41384606296032,4.63417407210506,6.1046593131776,82.0478964472759,0.600467928431857,1.04340077536464,0.801387380224773,2.21320255992552,5.53543469898022,6.1046593131776,82.0478964472759
50,0.717021484375,9.130304,0.595820312499999,0.734486203193674,2.00448821396995,5.43498990147746,6.15126963298681,82.056950249471,0.495102873870049,1.89466513349075,0.025544495359269,2.77054063975782,19.5022360075658,6.15126963298682,82.056950249471
50,0.63615234375,6.868512,0.518710937499999,0.689624195098883,1.96829144780437,3.53183305035425,5.99553664324089,82.0249742157567,0.643628949115508,1.33884811687212,0.322787637657815,1.93704144780437,5.09979194493288,5.99553664324089,82.0249742157567
50,0.653037109375,7.349864,0.555488281249999,0.475788693428044,1.94146622656543,2.49692466791332,5.99996142200195,82.0259531491109,0.500454237056038,1.71531549580132,0.00319464188962884,2.14554170578691,5.71810830740693,5.99996142200195,82.0259531491108
50,0.69794921875,4.824704,0.586249999999999,0.623835773468023,2.10820277910419,4.60722347542145,5.84249429019103,81.9883059846927,0.661325031606513,1.26949105749915,0.298474939512375,2.1971355854283,6.02274098529965,5.84249429019103,81.9883059846927
50,0.631162109375,10.166184,0.524179687499999,0.572261929512027,2.42570389397255,4.61289256581695,6.11651714418983,83.9934023991628,0.654800186332943,0.955836527579575,0.5590229155522,2.42570389397255,6.92815557793411,6.11651714418983,86.6026642449381
50,0.484326171874999,10.241248,0.372968749999999,0.620023770332342,2.67302761367506,4.66984460772166,6.11258013631581,82.0494649394059,0.534792244869722,0.996007053555975,0.71330383024725,2.6174720581195,6.63943264001274,6.11258013631581,82.0494649394059
50,0.530947265624999,13.929992,0.416171874999999,0.658669514656074,2.39120712704742,9.26909523194672,6.2826638802995,82.0803141448811,0.478163845137253,0.998634835923399,0.292491318474019,2.63730517553677,13.4573290657639,6.2826638802995,82.0803141448812
50,0.687080078125,7.16752,0.5788671875,0.585501484870915,2.15592727381068,7.94020365019625,6.04738402706276,82.0361773376468,0.709738912610789,1.07297291645367,0.591037663444917,2.08573022947571,11.7004609541048,6.04738402706277,82.0361773376468
50,0.520078124999999,8.462944,0.394672851562499,0.786324130296714,2.31266874935753,5.76216958810247,6.08862692711104,82.044683415219,0.519603449225633,1.08306159413817,0.364527343092598,2.31266874935753,7.6319627703785,6.08862692711104,82.044683415219
50,0.72994140625,10.6292,0.62658203125,0.534158020019536,1.93438676243252,2.42238923674943,6.13597298625419,82.0540253534884,0.792688754959311,1.35352099028972,0.8013147640324,1.88242994731781,4.00616397593385,6.13597298625419,82.2869560217233
50,0.441191406249999,10.16368,0.340156249999998,0.510405139923099,2.5226990556736,4.39663997498118,6.12043871281728,82.0510088759809,0.520106522548561,0.96944080079405,0.631814007229101,2.47508000805455,5.27208092633599,6.12043871281728,82.0510088759809
50,0.74552734375,7.885848,0.63177734375,0.646953125000003,1.98353508441633,2.81768745202617,6.07233331015588,82.062134606965,0.799453456503185,1.36853471465352,0.632157219447802,1.92555189113902,4.8942820281173,6.07233331015588,85.582405501025
50,0.6406640625,7.739056,0.534160156249999,0.567154102325445,2.43693235335185,3.54207457054529,6.03467201049554,82.0334840493219,0.541496591264005,1.24586786107567,0.284426713782077,2.53956393229922,4.68974664710905,6.03467201049553,82.0625237233804
50,0.76849609375,8.763856,0.6346484375,0.895759754180911,1.90421777440434,6.49175077576368,6.29916588995566,82.0830373674331,0.840898294023539,1.41030614500127,0.839168387376532,1.72373549621139,8.00674783557286,6.29916588995566,82.0830373674331
50,0.74169921875,8.37052,0.643671875,0.480468006134037,2.09411601056638,5.13151061582162,6.05576980815344,82.037935378486,0.71957960952137,1.25447642837273,0.35488272222953,2.12859876918707,11.2415302714507,6.05576980815344,82.037935378486
50,0.64025390625,8.897104,0.534160156249999,0.562794189453131,2.51634619526979,3.45620900647898,6.06408585241347,82.0396643007621,0.653868746406999,1.18876268931252,0.581193564900101,2.51634619526979,5.91787623833019,6.06408585241347,82.0396643007621
50,0.60744140625,12.200504,0.508593749999999,0.488542957305913,2.17508002589185,5.5967523402873,6.17006715681224,82.0604838183742,0.647222130100542,1.02845240683124,0.36855355844712,2.0518571663668,8.05445957174972,6.17006715681223,82.0604838183742
50,0.693369140625,8.619024,0.577499999999999,0.671282887458807,1.86860542098542,3.71274018138274,6.04316461778007,82.035287166912,0.753911935049526,1.18973441007985,0.826388469503656,1.74023133494125,4.47440245210854,6.04316461778007,82.035287166912
50,0.625009765625,6.293784,0.508867187499999,0.674454922676092,2.19715008376554,3.19356210584107,5.93144159485238,82.010297163433,0.59256329491063,0.894969111653863,0.317853720246051,2.3837019377087,3.86685105075328,5.93144159485238,82.010297163433
50,0.842392578125,12.612248,0.722421875,0.719648480415346,1.63874501958703,3.1089280484209,6.31861543253876,83.3896645431075,0.767011344087296,1.62486259497879,0.334373633655229,1.74318503879449,7.65308910432767,6.31861543253876,82.3436673847485
50,0.7604296875,6.595512,0.640390625,0.720468826293949,1.73610053888062,3.9841360747835,5.96400255217597,82.0178707898876,0.788599849603535,1.76220081943033,0.514619450890067,1.66106926933716,6.35948500752188,5.96400255217598,82.2529124655278
50,0.886279296875,10.276584,0.77328125,0.638427929878237,1.70971119762628,1.59208716817015,6.1046593131776,83.1554816891379,0.73250881540175,1.3034357998473,0.209786406467993,1.82611627424122,2.85251486997859,6.1046593131776,82.1153575170488
50,0.6291796875,10.331256,0.516386718749999,0.63611268997193,2.4058619992153,3.6438317287678,6.09667524943258,82.0463028090797,0.6703605301423,0.792221348807924,0.521806771270409,2.36238373834574,4.3081982352192,6.09667524943258,82.0463028090797
50,0.656181640625,8.643784,0.543593749999999,0.633801655769354,1.94587776615869,2.59934235274965,6.09265918517555,82.0454963704738,0.701880321629602,1.53867961531483,0.694051954677241,1.91809998838091,4.62716600407252,6.09265918517555,82.0454963704739
50,0.79296875,9.46091200000001,0.6846875,0.586241455078127,1.93010011638296,2.20515961177354,6.1046593131776,82.0478964472759,0.789806851796756,1.25363872896952,0.500607765044574,1.93010011638296,3.17405474075258,6.10465931317759,82.0478964472759
50,0.633828125,6.909944,0.521171874999999,0.634571533203131,2.41626289503229,4.50573227687233,5.96400255217597,82.0178707898876,0.701526168727857,1.03073097593129,0.789607152292001,2.22971104108914,5.02234085602159,5.96400255217598,82.0178707898876
50,0.8479296875,11.351232,0.731171875,0.681619338989261,1.80394740972508,3.75520397278048,5.24191125145587,35.3521004761987,0.773374986812909,1.38058434472868,0.353128090470875,1.89191263085404,6.25152498957414,5.24191125145587,44.5385196099608
50,0.625625,8.137312,0.520624999999999,0.551250000000005,2.3850398014593,4.09353755746959,6.03039850622203,82.0325709073831,0.677053336837756,1.04298407103691,0.605887811933183,2.25444032846852,4.79033768722973,6.03039850622203,82.0325709073831
50,0.6866015625,11.608728,0.566015624999999,0.727048416137701,2.48313561011125,5.19738410080712,6.25909378786476,82.0763457559357,0.801719325672297,1.19621835144795,0.978094923659036,2.23184859242824,7.47771046961897,6.25909378786475,82.0763457559357
50,0.76439453125,6.63545600000001,0.654609375,0.602639026641847,1.75185546728565,2.86039802554817,6.03039850622203,82.0741234251034,0.794057393625018,1.40984115127932,0.595101836951903,1.70365569957369,4.67156461328247,6.03039850622203,82.4692014012857
50,0.558222656249999,9.940008,0.438867187499999,0.712286396026617,2.34448053506377,4.26226404440488,6.12043871281728,82.0510088759809,0.578001264915273,1.08271737836039,0.505810683786433,2.2289819595652,5.27703358848606,6.12043871281728,82.0941940965774
50,0.59158203125,11.942944,0.492119140624999,0.49464333057404,2.35782645117769,3.93390096527786,6.1737846289312,82.061174798322,0.524614877587338,0.904050341276039,0.154955023850674,2.43949311784436,7.20513826858687,6.17378462893119,82.061174798322
50,0.650234375,6.332664,0.527734374999999,0.750312500000009,2.4966060533437,4.25865433655727,5.93615857598446,82.011409658983,0.729414990070875,0.91788248600264,0.782727135944437,2.38841891884078,5.08357012139857,5.93615857598446,82.011409658983
50,0.741494140625,4.831704,0.613046875,0.824935002326971,1.87301869157291,3.29968965647316,5.8680058224933,82.0661108708231,0.588925155548601,1.36605126779071,0.225835047338157,2.0520476447398,6.05909649095685,5.8680058224933,81.9948147063709
50,0.640458984375,9.118688,0.517890624999999,0.751150135993963,1.8269702645283,2.85691671552157,6.08051330346467,82.5039044506142,0.690435340662941,1.04541022417779,0.710722915477977,1.77758002062586,3.11823507247701,6.08051330346468,83.8497375540916
50,0.646201171875,9.38652,0.538671874999999,0.578127484321599,2.04508811471936,2.95505177712448,6.07233331015588,82.0413648219717,0.710501785248739,1.29746496739463,0.802805705319949,1.98353508441633,3.94270403493373,6.07233331015588,82.1038776392741
50,0.608056640625,6.205504,0.473046874999999,0.91138184070588,2.35657077684549,6.6827016086989,6.04738402706276,82.0361773376468,0.715638202201229,1.42646334547953,0.87281877031474,2.15592727381068,8.41658679731047,6.04738402706276,82.0361773376468
50,0.602109375,6.32616,0.483403320312499,0.704556370973592,2.16168092589141,4.81660651332014,5.97763910364492,82.0209700915107,0.778538516863059,1.31857339339695,1.32895052825576,1.77605287982326,5.79056461293385,5.97763910364492,87.1368475855646
50,0.704443359375,9.19832,0.5788671875,0.788468747138982,1.93468848188124,3.55336640920068,6.16259049517659,83.2528255655778,0.563896359945382,1.22123738182606,0.178070856439664,2.1676033642562,7.97196845449516,6.1625904951766,82.370435593009
50,0.583173828125,7.114904,0.464570312499999,0.703339695930488,2.18840853059206,2.66724300524275,6.00436670834557,82.0269234764993,0.64128703085961,0.916188696003025,0.718101872969216,2.14994699213052,3.45929980160659,6.00436670834556,82.0269234764993
50,0.6499609375,8.363648,0.543593749999999,0.565698928833015,2.06078267723305,4.5954661511706,6.05576980815344,82.0379353784859,0.628073665145213,1.20404481053216,0.266417444054578,2.09411601056638,7.21214221463341,6.05576980815344,82.0379353784859
50,0.6584375,12.686264,0.552343749999999,0.562794189453131,2.19718562314496,7.03150737926858,6.25568081858148,82.0757633379692,0.618538441378577,1.60737134962274,0.310257830010652,2.40126110236643,13.9087816670134,6.25568081858148,82.1096954972562
50,0.602861328125,8.32630400000001,0.484121093749999,0.704962162971502,2.1202129880964,3.57482586732479,6.04738402706276,82.0361773376467,0.630400199896176,0.844689562352031,0.504794688697082,2.08573022947571,3.59798467813072,6.04738402706276,82.0361773376468
50,0.473046874999999,4.976888,0.348359374999999,0.777348632812506,2.11848562340765,3.65595893958462,5.85277713449449,81.9909494243359,0.52579103326337,0.921576406208796,0.739941091532241,2.03681895674098,3.41610671242938,5.85277713449449,81.9909494243359
50,0.662607421875,11.26748,0.561914062499999,0.50695763111115,2.56485083803291,4.12569630222661,6.1625904951766,82.0590863017613,0.721028111740884,1.10690496279895,0.753339603361785,2.51723179041387,8.83486772056709,6.1625904951766,82.0590863017613
50,0.600126953125,10.099,0.497656249999999,0.525012249946598,2.23420721089599,2.91906644961973,6.08862692711103,82.0446834152189,0.701216841777427,0.75951717642199,0.695900952593932,2.06138173167451,3.44851267341816,6.08862692711103,82.0446834152189
50,0.8189453125,6.916192,0.698359375,0.727048416137698,1.91315505580325,4.89471781486126,6.05993647482011,82.0388034340415,0.789407747178534,1.43038728973628,0.399687262777037,1.97113824908056,8.40469014022723,6.05993647482011,82.0388034340415
50,0.574287109374999,5.439888,0.459306640624999,0.661025409698492,2.21588596056533,5.52718034723441,5.95017747165217,82.0146851972621,0.557627208583642,1.492471961347,0.410381385584454,2.35243781450849,10.8515606860031,5.95017747165217,82.0146851972621
50,0.554121093749999,7.956008,0.449531249999999,0.546951770782474,2.16737659968584,2.93175392467853,6.02179631590088,82.0307209568694,0.59855125783032,0.7779791462005,0.62227130864828,2.09462527693451,3.33945871452005,6.02179631590088,82.0307209568694
50,0.5996484375,6.802432,0.484531249999999,0.662598342895513,2.36167573906899,4.35859080669456,4.95941539621267,32.016818689896,0.692002190164374,0.859821043458862,0.82845402184002,2.14345721845917,4.55238677384414,4.95941539621267,32.016818689896
50,0.752021484375,9.665264,0.64203125,0.604892582893374,1.93010011638296,3.56987510420417,6.1046593131776,82.0478964472759,0.762672375679804,1.1661169697541,0.481009153488054,1.90307308935593,5.56256980078992,6.1046593131776,82.0478964472759
50,0.495332031249999,8.066904,0.380624999999999,0.657885150909429,2.37643761113815,3.18092376251703,6.02179631590088,82.0307209568694,0.669140798839503,0.856741847134558,0.995925991655333,2.09462527693451,4.72511733985304,6.02179631590088,82.0307209568694
50,0.6825,6.642056,0.567519531249999,0.661025409698492,2.20618543039592,4.23491936792279,5.98214360814942,82.0219846195523,0.797872941035647,1.06581062712864,0.846802318490732,2.02048981056237,5.38628549435169,5.98214360814942,82.154003090816
50,0.64626953125,6.453056,0.537578124999999,0.590691089630131,1.86137924591262,2.80732621051463,5.95017747165217,82.0146851972621,0.624073525653349,0.940723693102534,0.438732811301971,1.89168227621565,3.68801817685312,5.95017747165217,82.3323493466876
50,0.806162109375,7.844936,0.6800390625,0.795351147651676,1.77092466439576,3.69301398690792,6.14365055772486,82.0554989865095,0.769285404148183,1.36135736080271,0.238132577032499,1.84071727488605,5.73875493589919,6.14365055772486,82.0554989865095
50,0.75974609375,7.833152,0.64517578125,0.656317825317385,1.87074708633421,3.02857800123967,6.07233331015588,82.0413648219717,0.669561179990328,1.11840183196456,0.216555570585973,2.04508811471936,5.51853540125895,6.07233331015588,82.0413648219718
50,0.60853515625,7.517416,0.496015624999999,0.633032245635991,2.14994699213052,3.46393360490369,6.00436670834556,82.0269234764993,0.58232252738804,1.12673293409021,0.372444069990941,2.18840853059206,5.46278584852997,6.00436670834556,82.0269234764993
50,0.556582031249999,6.108376,0.442421874999999,0.651627063751226,2.43633351665607,5.08537003156098,5.93144159485238,82.010297163433,0.602251507361049,0.872554939707097,0.645460391096414,2.3837019377087,6.39215836908074,5.93144159485238,82.010297163433
50,0.681474609375,5.773272,0.546738281249999,0.907693905830391,2.03683151320961,6.46986967104831,5.96400255217598,82.2345899902036,0.774347612394416,1.12925749924291,0.919335624353318,1.87520432643643,5.95946122691065,5.96400255217598,84.9740511635434
50,0.66595703125,10.714624,0.552207031249999,0.646953125000008,2.12402443755029,3.53133835785403,6.15126963298681,82.056950249471,0.716486003496916,0.963885922921109,0.682550841404186,1.94968340916515,4.29340565392862,6.15126963298681,82.056950249471
50,0.800625,7.564376,0.678671875,0.743628234863284,2.11364043622546,3.94240922795229,6.10862756714585,83.0663741826696,0.811771688111782,1.28773763318058,0.533494148757692,2.11364043622546,5.96164342064579,6.10862756714585,83.6418045644919
50,0.63423828125,6.553216,0.523085937499999,0.617742176055914,2.0249741154951,3.38281411073278,5.98662791308216,82.0229900690887,0.743087460377453,1.14304901307031,1.00533928203063,1.89782968734261,5.18352369072071,5.98662791308216,82.1230962583393
50,0.650234375,4.749328,0.517343749999999,0.882995910644541,1.96132038124241,3.67212804211263,5.85277713449449,81.9909494243359,0.738244361864909,1.36011692515973,0.964234983238359,1.92560609552812,4.16270821594488,5.85277713449449,81.9909494243359
50,0.726455078125,8.601872,0.602109375,0.773092694282539,2.16548814620918,4.17392008429897,6.09265918517555,82.0454963704739,0.810781183055481,1.09021524596321,0.69813649228179,2.003860959436,5.31817891607362,6.09265918517555,82.0454963704738
50,0.523837890624999,9.287576,0.398124999999999,0.790186543464666,2.20494094342682,8.77171378471393,6.13211198239318,82.0532799859477,0.523381578466338,0.985705944353176,0.490115128980574,2.20494094342682,8.65883018178656,6.13211198239318,82.0532799859477
50,0.701298828125,6.808888,0.593359374999999,0.582546277046209,2.29181514964163,4.92602387913499,6.02610666072847,82.0316499104961,0.709536744467159,1.49992918499476,0.480139003965246,2.29181514964163,9.30617558086731,6.02610666072847,82.0833935367866
50,0.706630859375,8.082392,0.587343749999999,0.711470723152166,2.0179364753751,3.65974768540796,6.07643167081161,82.042204649975,0.772583370769493,0.852779118266674,0.686249275180435,1.92965025179475,4.23877459305151,6.07643167081161,82.0422046499749
50,0.551523437499999,5.640968,0.436406249999999,0.662598342895513,2.82349158014881,10.0531903099479,5.92670225835949,82.0091740979133,0.496889140014914,1.17430669103374,0.153592630823055,2.99773400439124,13.928183820443,5.92670225835949,82.0091740979134
50,0.666640625,10.288208,0.559999999999999,0.568611145019537,2.4335317126,4.8657793708258,6.12434496281728,82.051771815434,0.716983942855284,1.03976612866345,0.592513471978507,2.26992524660223,6.88649950333508,6.12434496281728,82.051771815434
50,0.67224609375,10.655864,0.571210937499999,0.510405139923099,2.2853994238853,4.15488428848068,6.13981914010034,82.0547649984589,0.565261859999699,1.08895880554403,0.146920877520613,2.54207948295666,7.66272523035492,6.13981914010034,82.0547649984588
50,0.698427734375,10.045632,0.579687499999999,0.704962162971501,1.90307308935593,2.66677652785139,6.10465931317759,82.0478964472759,0.733721964938575,1.16102220037337,0.611152489580877,1.85111627424122,3.71501554035399,6.1046593131776,82.0478964472759
50,0.598828125,8.278008,0.470312499999999,0.825813293457039,2.30455512571117,5.7273223703371,6.08051330346468,82.0430376362307,0.693903372775294,0.992288453811782,0.956990914833263,2.15334226449831,6.25943246070882,6.08051330346468,82.0901220561988
50,0.81716796875,6.45964000000001,0.700546875,0.680023975372318,1.97712151290904,3.36037541539561,6.00436670834556,82.0269234764994,0.765517819463521,1.18233239463126,0.278840002833464,2.0771956693792,5.32261960733577,6.00436670834557,82.0269234764993
50,0.61865234375,4.819536,0.457187499999999,1.30354478836061,2.13421929389866,5.57375465499313,5.95017747165217,82.0146851972621,0.77392642744259,1.3198073728469,1.28094801454999,1.98852367406511,5.71840335722363,5.95017747165217,87.2599111112515
50,0.7109375,7.057736,0.582968749999999,0.818800048828132,1.97190331078551,6.08335091861357,6.03039850622203,82.032570907383,0.635388916590601,1.10591899832332,0.267922369543539,2.17597879000698,7.26927448764839,6.03039850622203,82.0325709073831
50,0.69384765625,5.69696,0.577636718749999,0.675249099731451,1.83928944127124,2.58457740837754,5.89778463670775,82.0022050521028,0.621930741573773,1.36955510175166,0.324209687160739,1.9361308391207,3.78321292165379,5.89778463670776,82.0022050521029
50,0.7,11.606208,0.5788671875,0.733657913208013,2.20805000824802,3.80193537675538,6.20303713916841,82.0665233572146,0.814033708507084,1.95676073180719,1.29709604294443,2.05625572015155,11.0097526056227,6.20303713916841,87.9980810281249
50,0.77328125,9.04332,0.6647265625,0.589206008911135,1.83303970341537,2.71606301437429,6.13597298625419,82.1031714000609,0.72306577325641,1.64361461641625,0.257314508868023,1.96141378945955,6.15482566772706,6.13597298625418,83.4565613253825
50,0.6253515625,10.79432,0.518710937499999,0.568611145019537,2.26209742797478,3.97658786350929,6.11651714418983,82.0502399409559,0.605566239531717,1.38790269086228,0.290255249068976,2.38222563310299,6.63181880401888,6.11651714418983,82.1898709881537
50,0.499912109374999,4.818736,0.378984374999999,0.731175847053534,2.16706592509354,5.7113995702032,5.85787917531082,81.9922509653605,0.551080103645948,1.34287433270916,0.708631477720728,2.00345945909577,7.22261647855729,5.85787917531082,83.549211418021
50,0.68537109375,12.116888,0.584062499999999,0.51317155838013,2.2046820159416,3.71441291829165,6.16633581352866,82.0845486663022,0.729832914054002,1.11926186176346,0.634889562812472,2.04812582308322,5.32444079979673,6.16633581352866,82.6344633910352
50,0.657548828125,10.536184,0.540449218749999,0.685615925788887,2.36292892207885,6.45899288277385,6.21734863829389,82.0690836357724,0.670344763013384,1.12585598414504,0.441222211358295,2.36292892207885,9.57315036545058,6.21734863829389,82.0690836357724
50,0.61072265625,8.32904,0.496835937499999,0.648509235382085,2.0989356217621,2.89493583695558,6.02610666072847,82.0316499104961,0.596038519555482,0.774505955060096,0.447024312630963,2.0989356217621,3.13765695113451,6.02610666072847,82.0316499104961
50,0.664931640625,5.140288,0.549062499999999,0.671282887458807,2.0920476447398,5.10594968914122,5.8680058224933,81.9948147063709,0.665291983390918,1.11547362840655,0.607354729070673,2.09204764473979,6.55040461909955,5.8680058224933,81.9948147063709
50,0.6969921875,8.027072,0.5884375,0.589206008911139,1.83308578667387,2.55054050188545,6.03467201049553,82.0334840493219,0.688575476324242,1.77529716393297,0.347124201981843,1.83308578667387,5.62944101775793,6.03467201049553,82.0334840493219
50,0.7336328125,10.051616,0.61796875,0.6689087677002,2.05485233198531,2.25388100003919,6.14365055772486,82.0554989865095,0.85671849424621,0.836656819468442,0.85467263583653,1.89010751878849,2.78222419425445,6.14365055772487,82.0554989865095
50,0.6958984375,9.072128,0.579687499999999,0.675249099731451,1.87277323613723,2.62755429407367,6.10067524943258,82.0471028090797,0.693236731078664,1.31123094779057,0.367455630294689,1.87277323613723,4.00782230438676,6.10067524943258,82.0742675725019
50,0.536142578124999,7.7774,0.422734374999999,0.643071026802069,2.50384605059135,11.7041218220419,6.05158570773503,82.0370600436704,0.566663573862867,1.01628161611261,0.596260789430045,2.45384605059135,15.7661815124373,6.05158570773503,82.0370600436704
50,0.593701171875,11.71032,0.492050781249999,0.516640095710759,2.39782645117769,3.80029642813528,6.17378462893119,82.061174798322,0.546143092713399,1.34348583022886,0.21144381894827,2.43949311784436,7.56440117244937,6.1737846289312,82.0884496184807
50,0.421640624999999,4.396096,0.278906249999998,1.01865509033204,2.20229022460356,4.5446948209112,5.84764892936629,81.989634499944,0.6111697293459,1.21508193034767,1.35992585637627,1.9561921761142,4.2005388286465,5.84764892936629,82.2430579378048
50,0.69193359375,7.128112,0.569433593749999,0.750312500000007,1.96330112046436,4.78295169247597,6.02179631590088,82.0307209568694,0.739240418468252,1.72436231488105,0.608681436579029,1.90358632545545,7.25270056365248,6.02179631590088,82.0307209568694
50,0.66828125,6.96938400000001,0.544960937499999,0.760394973754889,2.08158163429148,6.67017503376589,6.00875267325784,83.2915005642958,0.807181255783015,1.23306425993923,1.11030619469737,1.83419347646321,5.86768865034648,6.00875267325784,90.9752130317669
50,0.69056640625,4.114368,0.577499999999999,0.639200611114509,2.19169191266459,3.39503494808783,5.78943156980827,82.0196957264596,0.668167265783288,1.76938536745131,0.532980535899698,2.19169191266459,6.27359024475839,5.78943156980827,82.0781150865491
50,0.594453125,8.697368,0.483574218749999,0.61470659255982,2.17676133056635,5.39239681608831,6.06821808381843,82.0405180675813,0.460173221255968,1.16113520006077,0.127144759425163,2.57311000562212,11.154510031883,6.06821808381843,82.0405180675813
50,0.574423828124999,10.110144,0.469082031249999,0.554844708442693,2.5266053056736,7.19477994367856,6.12434496281728,82.051771815434,0.581518700969348,0.771250671548543,0.278001255982036,2.47898625805455,9.44099981789328,6.12434496281728,82.051771815434
50,0.697265625,9.630488,0.587890625,0.598144531250005,1.94989383041572,3.8499538832565,6.09667524943258,82.1705781919421,0.591390955232409,1.64745146113614,0.0978700187651294,2.2052184961805,5.99081487971346,6.09667524943258,82.523501906264
50,0.58720703125,9.880008,0.464296874999999,0.755345325469977,2.35227783564743,5.21435668697866,6.12823601340094,82.0525288291662,0.775539677039292,0.932678908830178,1.11553701430247,1.92664978957927,6.24031242770321,6.12823601340094,82.0525288291662
50,0.654951171875,6.923168,0.542089843749999,0.636883969306951,2.30463581855763,6.55838465348883,6.03892732964447,82.0343894363748,0.669859887484031,1.45340667878852,0.672941889794925,2.30463581855763,12.1422713643645,6.03892732964447,82.0343894363748
50,0.636015625,9.23872,0.506406249999999,0.839929504394539,2.12545158189689,3.16194607661864,6.12043871281728,82.0510088759809,0.646702634967634,0.967940794876448,0.548622991922976,2.12545158189689,3.37099313964832,6.12043871281728,82.0510088759809
50,0.481113281249999,4.056744,0.359023437499999,0.745296497344977,2.57004352315613,11.9482886966929,5.82160584971846,81.9828517119569,0.49838281136434,1.60082006988835,0.664668456144496,2.44087685648946,15.0567814474482,5.82160584971846,81.9828517119569
50,0.692412109375,9.428752,0.558906249999999,0.891190724372872,2.09238014379572,3.47103454880641,6.18117836953527,82.0625414879945,0.763467238238758,1.06372324744544,0.819180649570383,1.90263533059889,4.07505378943103,6.18117836953527,82.0953963444017
50,0.679970703125,9.069872,0.571484374999999,0.588464169502265,1.95822168036618,2.60196203706464,6.07643167081161,82.0422046499749,0.600448680767749,1.12895729691606,0.190818686543316,2.11477787322456,4.37707955601953,6.07643167081161,82.0422046499749
50,0.653173828125,5.587432,0.528554687499999,0.776496510505683,2.11869450055205,5.09432589988404,5.97311421676708,82.0199463614479,0.600595133844452,1.83566482281898,0.433335197275828,2.23882270568025,9.37090047185754,5.97311421676709,82.093841289873
50,0.495673828124999,7.340816,0.377343749999999,0.700100369453436,2.50485334380564,4.02258805933707,5.99996142200195,82.0259531491109,0.490401091133001,0.923615290642105,0.450051397124682,2.50485334380564,5.06347056034145,5.99996142200195,82.0259531491109
50,0.706767578125,7.097872,0.588710937499999,0.696868519783026,1.97617681505901,3.72227981602345,6.03467201049553,82.0334840493219,0.705323769505235,1.3073547104163,0.331917851558999,1.97617681505901,5.92144032984339,6.03467201049553,82.0698141966447
50,0.677783203125,8.386128,0.570117187499999,0.579598546028143,1.92917403661733,2.68981979266323,6.04738402706276,82.0361773376468,0.786845244559803,1.5054330150438,1.11286780488825,1.76884098812639,3.96190112150218,6.04738402706276,82.2335711360775
50,0.495126953124999,10.211232,0.389374999999999,0.559173779487615,2.55731785463101,5.78734284867222,6.15505751177469,82.0576676507566,0.548230587214982,0.944872220274794,0.642164538342921,2.50969880701196,7.75761152310671,6.15505751177469,82.0576676507566
50,0.663427734375,4.78344,0.531357421874999,0.872128372192392,2.06653611243752,3.38135712466546,5.84249429019103,81.9883059846927,0.714721404453428,1.66494219375066,0.919107387859964,2.02653611243752,4.09731026808227,5.84249429019103,82.1304109554488
50,0.672724609375,8.78032800000001,0.554941406249999,0.693644146919256,2.05866912587844,4.5575585584484,6.14746735161799,82.0562273822907,0.759010439125999,1.21417522231918,0.911601899667928,1.97290815482335,6.13186649154638,6.14746735161799,82.0562273822906
50,0.76220703125,5.418376,0.643671875,0.7025291633606,1.76556655327782,3.15428151211129,5.91234797229468,82.00573995336,0.782851861964748,1.2885153940479,0.843481138682368,1.76556655327782,4.51506439047131,5.91234797229468,82.1664192192032
50,0.640185546875,9.28436,0.522265624999999,0.69525539875031,2.09277443755029,7.32911282622689,6.15126963298682,82.056950249471,0.625734302303758,1.04924930717173,0.355561020267276,2.15628250206642,9.18802650602691,6.15126963298681,82.056950249471
50,0.800146484375,11.45552,0.697333984375,0.528520507812502,1.94588645209158,5.19046018619256,6.2488197349304,82.0745864727851,0.743346925595097,1.15755936221799,0.130066196039216,2.13060974448496,8.3411303872066,6.2488197349304,82.2748393919702
50,0.60265625,8.35376,0.487675781249999,0.661025409698492,2.12153001326944,4.81607594597653,6.11651714418983,82.0502399409559,0.708376929852318,1.20063578095889,0.944479843906516,2.02771891845028,6.65161388463474,6.11651714418983,82.0903557109166
50,0.486855468749999,10.017336,0.377343749999999,0.59964082717896,2.44730048041282,3.07616636421248,6.09265918517555,82.0454963704738,0.532061556461852,0.762448986084738,0.569559577597383,2.35836767408871,3.49538359520845,6.09265918517555,82.0454963704739
50,0.433398437499999,5.261576,0.314863281249998,0.702529163360601,2.34514301877976,4.68199615681615,5.89288267592344,82.0010035911263,0.532478563759397,0.86011055035201,0.809554178651862,2.1585911648366,4.68611004281155,5.89288267592345,82.0010035911263
50,0.605869140625,7.212944,0.488906249999999,0.684015889167792,2.29133035793215,3.93498622013981,5.98214360814942,82.0219846195523,0.599543650111986,1.0029486458358,0.39151482520728,2.3367849033867,4.49884732049584,5.98214360814942,82.0219846195523
50,0.573876953124999,8.781736,0.455068359374999,0.705774097442633,2.20880194728782,5.20400804431684,6.13597298625419,82.0540253534884,0.548034169841201,1.06240083518935,0.516610215666915,2.20880194728782,7.02205083444372,6.13597298625419,82.0540253534884
50,0.625830078125,12.228296,0.519531249999999,0.56497204303742,2.16945423781331,3.04619942215238,6.22794943324983,82.0709565989248,0.601823237470895,0.906956434066249,0.320836445648743,2.20070423781331,4.1707454196965,6.22794943324983,82.0709565989248
50,0.718525390625,9.922728,0.5971875,0.736144185066229,1.95787789416074,2.99227911036188,6.1046593131776,82.0478964472759,0.742333924764906,1.63617289401883,0.509911321428237,1.93010011638296,5.31536987130194,6.1046593131776,82.4817791154568
50,0.500458984374999,7.78768800000001,0.378847656249999,0.739465756416327,2.21871383274203,4.00482400119949,6.03467201049553,82.0334840493219,0.58276149198083,0.982330504070945,0.58399938713364,2.21871383274203,4.45077237389545,6.03467201049553,82.0334840493218
50,0.452812499999999,7.085256,0.324570312499998,0.822302932739264,2.42836700358478,7.30867460427743,6.02610666072847,82.0316499104961,0.534685897479889,0.640680833088012,0.642056501575321,2.25014848297496,4.45570532621036,6.02610666072847,82.0316499104961
50,0.6384765625,9.817016,0.533749999999999,0.548382644653325,1.8471322104962,2.32532211941578,6.10067524943258,82.0471028090797,0.488478221925888,1.13843069299931,0.0232927851596223,2.13902145184552,5.44202136254854,6.10067524943258,82.0471028090797
50,0.72611328125,8.829768,0.587343749999999,0.962849140167244,2.0526456118483,4.79973306853122,6.19942703086516,82.0658717131166,0.694158542957772,1.55688455393832,0.432507654553797,2.0526456118483,7.78194279414868,6.19942703086516,82.1851613784963
50,0.568203124999999,8.466232,0.459101562499999,0.595157546997075,2.48693235335185,5.73442085440863,6.03467201049554,82.0334840493219,0.635344662087909,0.980714736524213,0.70592417062853,2.18025229428049,5.79831603147008,6.03467201049553,82.0334840493218
50,0.578798828125,8.781136,0.451718749999999,0.807467312812814,2.2289819595652,5.37883232514882,6.12043871281727,82.0510088759809,0.627259605116571,1.09535922749266,0.473399046305144,2.09319351738076,7.03662008990027,6.12043871281728,82.0510088759809
50,0.848544921875,9.149824,0.732265625,0.676043744087221,1.80569428430704,2.42828695589198,6.10862756714585,82.16360998233,0.701384201325209,1.34493672362766,0.129768368459137,1.96184614812899,4.43288362006467,6.10862756714585,82.1493602184638
50,0.546874999999999,11.0518,0.427929687499999,0.707399368286139,2.33150917386449,4.28096196916593,6.147467351618,82.0562273822907,0.526578106069675,1.01250279049928,0.387062345649777,2.41317584053115,5.57360790690089,6.14746735161799,82.0562273822907
50,0.81921875,6.30176,0.7046484375,0.656317825317386,1.90891338054794,3.7970398379392,5.93615857598446,88.983046843475,0.797488318610034,1.14291857151567,0.507725297892614,1.94117144506407,5.06147637069525,5.93615857598446,91.2525479610155
50,0.69671875,10.016008,0.582968749999999,0.646953125000005,1.82378600832937,3.40664057768099,6.17378462893119,82.061174798322,0.707738009025589,1.50144629999399,0.427846115397012,1.8010587356021,7.5636578466239,6.1737846289312,82.1003301653646
50,0.480292968749999,7.022528,0.363945312499999,0.676838855743413,2.53356169412633,5.31279068905098,5.97311421676709,82.0199463614478,0.563704417326865,1.31710723731852,1.03648113402731,2.32775551200436,6.42483431140491,5.97311421676709,82.0199463614479
50,0.772939453125,8.19134400000001,0.6483203125,0.776496510505678,1.91406773031639,3.391321184512,6.08862692711103,82.0446834152189,0.726240216627801,1.57176337616969,0.31000108572965,1.9704169366656,5.51113816347374,6.08862692711103,82.6487934157964
50,0.632255859375,6.48272,0.529374999999999,0.52922356128693,2.34311375452153,2.53723565794816,5.94085341166521,82.0125117330865,0.742653454968356,1.20407258720482,0.927100916971427,2.25004016144793,4.88336243676349,5.94085341166521,82.0125117330865
50,0.542636718749999,9.1894,0.435312499999999,0.575924396514897,2.5368386869714,4.71708868785757,6.08457834411508,82.0438638640051,0.736563106938742,1.05297312208824,1.48714921550982,2.08959121319469,6.82734708183342,6.08457834411508,82.0438638640051
50,0.6554296875,9.737048,0.537851562499999,0.691230773925788,2.16269116523022,3.9985510535118,6.12434496281728,82.051771815434,0.799483782225783,1.0944798807973,1.06933020139701,1.8458019238809,5.72007807691066,6.12434496281728,82.2007065533726
50,0.69384765625,8.47610399999999,0.5881640625,0.558451099395756,2.02201810802816,3.74601920334587,6.08051330346468,82.0430376362307,0.702626535966287,0.936152101325393,0.561650666167695,1.99171507772513,5.0128069842215,6.08051330346468,82.0430376362307
50,0.514882812499999,8.800936,0.408515624999999,0.565698928833012,2.60783150442201,6.01908439212913,6.04738402706277,82.0361773376468,0.585206451585384,0.607094774872228,0.563326922908027,2.44964436991908,5.7224131670361,6.04738402706276,82.0361773376468
50,0.687421875,5.194672,0.560957031249999,0.799667835235603,1.90092020077615,5.16498299161515,5.95941539621267,82.016818689896,0.650694342667441,1.4593437805433,0.451908995760972,1.99776159862562,8.4874177667947,5.95941539621268,82.016818689896
50,0.560546874999999,7.516104,0.441191406249999,0.712286396026617,2.10322746725566,4.67287910168819,6.03039850622203,82.0325709073831,0.730898068888451,0.897158657379838,1.08809516727749,1.72746522338321,3.5757156608722,6.03039850622203,82.0627503862929
50,0.734453125,7.429376,0.606484375,0.81880004882813,2.15170786452798,4.85812797483966,6.04316461778006,82.035287166912,0.816001885630046,1.32772809306631,0.97325678862026,1.98466942234354,6.3751045688708,6.04316461778006,82.0352871669121
50,0.86994140625,10.823016,0.75140625,0.702529163360602,1.96474958970699,3.25474139113577,6.16633581352865,89.2865142866237,0.82876137064828,1.37332587659832,0.506678830895375,2.01955439451179,4.85289007315981,6.16633581352866,85.0628569182745
50,0.500527343749999,10.987328,0.396484374999999,0.541246967315679,2.7930556357022,4.59769200044353,6.17378462893119,82.061174798322,0.601529443161354,0.9721196044608,0.736572600909181,2.73423210629044,5.7695342831611,6.17378462893119,82.061174798322
50,0.6822265625,5.768976,0.557265624999999,0.780761795043951,2.04271291075851,6.29295982725816,6.00436670834557,82.0269234764993,0.830285638082521,1.09859751355801,1.10012672186881,1.77646469505022,5.45672687338513,6.00436670834556,82.0269234764994
50,0.566494140624999,9.214736,0.452470703124999,0.650067214965826,2.46722143155308,5.43314283771332,6.11258013631581,82.0494649394059,0.727584581609856,1.03423943232715,1.07355049339228,2.11759300539542,6.91569989696228,6.11258013631581,82.0494649394059
50,0.575859374999999,6.0902,0.448437499999999,0.811816711425787,2.11869450055205,6.22659833046162,5.97311421676709,82.0199463614478,0.59259041058817,1.26226205117397,0.440301132967827,2.11869450055205,7.56661424479942,5.97311421676709,82.0199463614478
50,0.568955078124999,6.266104,0.447890624999999,0.732830090522772,2.30016760409874,5.56138270398798,5.94552630886147,82.0136035314968,0.531070320727908,1.06201630890354,0.336905124302262,2.34778665171779,6.57690000358887,5.94552630886147,82.0136035314968
50,0.632255859375,5.959232,0.509140624999999,0.757868046760564,2.01598530605786,4.82415528792174,5.97763910364492,82.0209700915107,0.676285689167791,1.70738868593805,0.977220372152076,1.9503939082084,8.06779616009064,5.97763910364492,82.0209700915107
50,0.605595703125,10.919736,0.504492187499999,0.511096043586735,2.39410897905873,4.44591948451321,6.17006715681223,82.0604838183742,0.662054896166503,0.987125925189191,0.626065350694822,2.27861040356015,6.52670731109427,6.17006715681224,82.0604838183742
50,0.491230468749999,6.52332,0.371054687499999,0.722110919952399,2.6548852235381,6.94815775609969,5.97311421676709,82.0199463614478,0.60208035094857,1.01827147194675,0.853786032935869,2.47800613857078,8.66078049187144,5.9731142167671,82.0199463614479
50,0.71490234375,12.5114,0.602177734374999,0.635341877937324,2.19718562314496,4.27976878225877,6.25568081858148,82.0757633379693,0.868932999528942,0.97806428405198,1.07527949691826,1.90568219797965,4.58589124095051,6.25568081858148,82.0757633379693
50,0.806572265625,6.120224,0.677578125,0.831974415779119,1.74199360430452,2.16619648174814,5.99553664324089,82.0249742157567,0.73277899234994,1.65335824595686,0.167824615307313,1.84875522422403,3.59368682405252,5.99553664324089,82.0249742157567
50,0.739306640625,6.164984,0.619609375,0.716371769905095,1.72227545835682,2.84084471935645,5.95017747165217,82.0146851972621,0.757183321877993,1.54527140268044,0.571903861915593,1.69663443271579,4.46943724320646,5.95017747165217,82.5567130568354
50,0.709775390625,11.484672,0.5996484375,0.606397290229802,1.99058125500134,4.16360300941869,6.192167478823,82.2150497791599,0.651525391857334,1.08485324946133,0.231731563565285,2.10336925308345,7.48475516777315,6.192167478823,82.0645541813806
50,0.63587890625,9.478336,0.520898437499999,0.661025409698493,2.01390199194775,5.20297724278356,6.13211198239318,82.0532799859477,0.672457954018154,1.22364932546994,0.626204480350383,1.90420996909783,7.61199101404763,6.13211198239318,82.0532799859477
50,0.566699218749999,10.120792,0.443515624999999,0.758709888458258,2.36153015488139,5.18159697043402,6.1774883326349,82.0618606693782,0.642948800201847,0.985808855133624,0.532338382236761,2.08869010689535,5.65893676301448,6.1774883326349,82.0618606693782
50,0.72296875,6.305504,0.5996484375,0.760394973754889,1.98852367406511,3.29125646766412,5.95017747165217,82.0146851972621,0.670710758720574,1.39670831213004,0.242870583216435,2.05872071840009,5.5988039586127,5.95017747165217,82.0459777220271
50,0.540859374999999,5.310792,0.433671874999999,0.574458007812504,2.33526641535587,4.38649233553282,5.88300607249955,81.9985648938788,0.567128919001096,1.48787881801467,0.568819582567126,2.28526641535587,7.35688992039216,5.88300607249955,81.9985648938788
50,0.689677734375,12.176056,0.575312499999999,0.653970341682438,1.93131180118713,2.00657805713006,6.18485484012351,82.0632173097938,0.59355491478759,1.1058068680825,0.244455019415818,2.06664484967807,3.56270806658153,6.18485484012351,82.0632173097938
50,0.746142578125,9.537992,0.63,0.674454922676092,1.8019702645283,3.37099936883783,6.08051330346468,82.0430376362307,0.831452514049361,0.897298809488958,0.746100007577886,1.64254946173389,2.9153206143123,6.08051330346468,82.0430376362307
50,0.7205078125,6.982816,0.6094921875,0.616223449707034,1.55972199131505,2.277423632185,6.03892732964447,82.1503333205899,0.723820687687768,1.1773569499496,0.289159213056053,1.55972199131504,3.77487714627323,6.03892732964447,82.0860905877695
50,0.535800781249999,9.086648,0.439960937499999,0.459263782501225,2.86101780975349,11.1910096985631,6.11258013631581,82.0494649394059,0.485828199724638,1.32440484759761,0.142872668308912,3.00936945810513,20.8303495022024,6.11258013631581,82.0494649394059
50,0.506953124999999,8.37508,0.384316406249999,0.751988239288337,2.36638373834574,4.35345389999949,6.10067524943258,82.0471028090797,0.645420841964462,1.02623803498346,0.996901538757035,2.2092184961805,4.90429756131543,6.10067524943257,82.0471028090797
50,0.6767578125,7.000976,0.559042968749999,0.692839221954351,2.35017793847816,5.32932074871324,5.99553664324089,82.0249742157567,0.864408076609501,0.984112363497118,1.20297424323716,1.90673841750134,6.36373299276699,5.99553664324089,82.0249742157567
50,0.537578124999999,6.943392,0.407968749999999,0.839929504394539,1.99610506787606,3.05489814040598,5.99109219879645,82.0239865614357,0.68122036425655,0.9973106963915,1.01210951761645,1.78950597497478,3.25125635418856,5.99109219879644,82.0239865614357
50,0.62453125,6.218256,0.502031249999999,0.750312500000006,2.11414904600659,3.92540221333165,5.96856876222164,82.0189133035966,0.736118653461009,1.2311743954468,0.999586169316314,1.91007356678512,5.70558380700797,5.96856876222163,84.0326607089852
50,0.505107421874999,7.474864,0.374609374999999,0.851487011909491,2.31355345812829,4.92432301269672,6.00436670834557,82.0269234764994,0.622813319561936,1.05464822465964,0.910338440604964,2.0771956693792,5.3470513753024,6.00436670834556,82.0269234764993
50,0.66650390625,7.04532,0.551249999999999,0.664173145294196,2.11414904600659,3.80590047841733,5.96856876222164,82.0189133035966,0.569184867494306,1.36553829754324,0.117903036553234,2.32321005745891,4.54960342042535,5.96856876222164,82.0189133035966
50,0.735,5.897072,0.614140625,0.730349426269535,1.62850831201357,3.13410664433931,5.93144159485238,82.010297163433,0.674589830678652,1.07431087206544,0.327701939618936,1.75688239805774,4.68822828335853,5.93144159485238,82.010297163433
50,0.7998046875,7.47428,0.69125,0.589206008911136,1.9199544475183,5.58135488360901,6.00875267325785,82.0278853109099,0.847518129721892,1.5285642570629,0.692822723986336,1.86197125424098,7.50638973995333,6.00875267325785,82.0278853109099
50,0.77109375,9.790904,0.649140625,0.743628234863284,1.90033400010559,2.92018149529552,6.12823601340094,87.9907550511951,0.813699253616624,0.971354532637006,0.776716017604549,1.8014932067526,3.30002310689192,6.12823601340094,93.0922471409906
50,0.473798828124999,7.204776,0.351914062499999,0.742794804573065,2.58224379326012,5.67697058597017,6.02179631590088,82.0307209568694,0.465975536247627,1.03769915459729,0.365403538351474,2.64106732267189,7.37461627001885,6.02179631590088,82.0307209568694
50,0.59185546875,8.978256,0.488632812499999,0.532745838165287,2.54088726996735,6.10589283179296,6.08862692711103,82.0446834152189,0.617275217370548,0.819029934169007,0.492507020910017,2.4432682223483,7.24507644793607,6.08862692711103,82.044683415219
50,0.509345703124999,7.408144,0.380351562499999,0.831974415779121,1.98150747782133,4.8717739925543,6.00875267325784,82.02788531091,0.553505154253093,0.856791383763235,0.626120692362162,1.89054268281241,3.96413845256187,6.00875267325785,82.0278853109099
50,0.592060546875,10.297496,0.481386718749999,0.612434811592107,2.14483200917995,5.19346468858532,6.13981914010034,82.0547649984589,0.7095547658972,0.715450341274503,0.698703758064618,1.88627610116397,3.81032679158908,6.13981914010034,82.0547649984588
50,0.7205078125,9.526728,0.616875,0.536987991333013,2.33774776260796,5.40706186674079,6.19216747882301,82.0645541813806,0.622131509298452,1.3432747707914,0.114781625179573,2.59442782167932,11.237783966996,6.19216747882301,82.2582608872436
50,0.60771484375,6.45622399999999,0.498749999999999,0.593666858673101,2.01368237269884,2.60027279359354,5.94085341166521,82.0125117330865,0.653328847402858,1.16304725071898,0.623276745350707,1.97919961407815,3.68488696169299,5.9408534116652,82.0586742298857
50,0.645654296875,7.556888,0.523906249999999,0.741129345893865,2.11885950587762,4.6883284282367,6.08051330346468,87.1010064145441,0.548399076057464,1.44137183038061,0.271669822243773,2.30455512571117,7.19984956912185,6.08051330346468,85.9496135515389
50,0.536416015624999,8.816264,0.425742187499999,0.612434811592107,2.20551675860506,6.30103776829472,6.05993647482011,82.0388034340415,0.595674514308427,0.92050129571604,0.72035984165032,2.09828267723305,7.27000445924291,6.05993647482011,82.0388034340415
50,0.609423828125,5.70164,0.486171874999999,0.759552197456366,2.0160603011682,3.62446684154495,5.90751705442028,82.0045730649845,0.747742516744082,0.969598425302939,0.967032169755542,1.81871882868073,3.66435052392119,5.90751705442028,82.0045730649845
50,0.66267578125,7.58808,0.554531249999999,0.584761981964117,2.11290995509348,2.62793553992421,6.00436670834556,82.0269234764994,0.62403985785595,1.35732417282272,0.359731016895541,2.18840853059206,4.58537863013239,6.00436670834556,82.0269234764994
50,0.760908203125,6.79585600000001,0.65296875,0.582546277046206,1.87288220835101,2.25169940383909,5.99109219879645,82.0950139705871,0.667930736301124,1.68559096697402,0.123447594098085,2.06392115983008,5.25899623971655,5.99109219879645,82.511131536911
50,0.7593359375,8.132,0.64421875,0.66259834289551,2.07727353205741,4.58870518159008,6.03892732964447,84.0350764037051,0.670164772255276,1.62243657959368,0.146395063611161,2.26296915189096,9.14546669626092,6.03892732964447,83.9819712788745
50,0.747646484375,13.561088,0.647158203125,0.504894733428956,1.97873224817522,3.81625197534301,6.20663426147057,82.1796179737335,0.650690748568101,1.35577354413788,0.0718861239317594,2.2794632225042,7.38894052970404,6.20663426147057,83.0690997047945
50,0.515019531249999,6.944344,0.389374999999999,0.789327411651618,1.93675735673946,2.83573979423225,5.96400255217598,82.0546906175293,0.56721335784131,1.08599509420832,0.830670856867864,1.84579256173054,3.35164555963651,5.96400255217598,82.7354541202725
50,0.61140625,8.775464,0.489863281249999,0.73863466262818,2.39782645117769,4.51358248978422,6.1737846289312,82.061174798322,0.774838060448323,0.996516020413002,1.10305012388441,1.99922543213656,6.72222219415457,6.1737846289312,86.3395078631649
50,0.66759765625,13.714816,0.560546874999999,0.572993488311772,2.27678523164659,3.32697135214141,6.23843902923365,82.07279047427,0.652606676708039,0.935408815073797,0.388638526158314,2.27678523164659,4.67845792105435,6.23843902923364,82.07279047427
50,0.60826171875,12.132064,0.511054687499999,0.472460346221927,2.18961583539976,4.66836387141477,6.15126963298682,82.056950249471,0.629287204293141,1.1211361657238,0.507351996974031,2.09277443755029,6.97828634982626,6.15126963298682,82.0569502494711
50,0.837607421875,12.695888,0.7284375,0.595903592109682,1.72784102822,4.2971656888405,6.26588497891745,90.4007012733348,0.77286474177358,1.98384914783082,0.188377471262961,2.0379829656221,10.7055946719521,6.26588497891745,95.4178483390023
50,0.553300781249999,9.797128,0.436748046874999,0.679226994514471,2.16950421046621,4.09358101149202,6.09667524943258,82.0463028090797,0.660585605751446,0.784806564761557,0.759909240245996,2.00787702369303,3.66958797706773,6.09667524943258,82.0463028090797
50,0.8178515625,8.81568,0.709638671875,0.585501484870914,1.74559050350754,2.70465433876669,6.07233331015588,82.0413648219717,0.79400322328782,0.927657058761499,0.344995719266431,1.87074708633421,3.62217780457254,6.07233331015588,82.0413648219717
50,0.525273437499999,14.402096,0.433603515624999,0.420168728828433,2.33649267999775,2.74559789169865,6.22794943324983,82.0709565989248,0.545951321044669,0.813711806158124,0.411123928207041,2.33649267999775,3.98548229195259,6.22794943324983,82.0709565989248
50,0.495947265624999,17.920728,0.394843749999999,0.511096043586735,2.82990737072649,7.45141694243742,6.32501544892281,82.0872138444679,0.644407701883157,0.605933618713877,0.786550546321977,2.20680545847737,4.8136170978017,6.32501544892281,82.087213844468
50,0.907607421875,6.526344,0.770546875,0.939279675483709,1.56263129873513,3.61458005660408,6.10067524943258,96.6292489874887,0.880074498129166,1.85468008283919,0.725592294526253,1.60146991110315,6.39577257451881,6.10067524943258,98.3280356344523
50,0.613798828125,9.084672,0.494374999999999,0.713102536201483,2.20120243192347,4.42793571716929,6.09265918517555,82.3418808239534,0.554353926063162,1.22768467572908,0.29173475611002,2.40184593495828,7.39089504463081,6.09265918517555,82.3334587344258
50,0.660830078125,7.089216,0.538124999999999,0.752826809883127,1.66620143631537,2.24589222775714,6.03892732964447,82.0542629088389,0.556645495856876,1.90465118553318,0.13070319857988,1.89214591062761,5.26336864214636,6.03892732964447,82.0562864787723
100,0.446318359374999,11.351137,0.372558593749999,0.544050302505497,2.75086301845817,5.30390871711078,6.83966124419772,164.302748973272,0.582609651783153,0.634343626090422,0.76173830459292,2.42297399821162,6.14346198451583,6.83966124419772,164.302748973272
100,0.642919921875,9.734061,0.565810546874999,0.594585571289066,2.18555019511737,4.15105754080701,6.81456340954972,164.297903325783,0.681576337715299,1.06422218468808,0.558758729315228,2.02521100217349,5.26292716453088,6.81456340954972,164.297903325783
100,0.7073828125,7.026396,0.62630859375,0.65730289459229,1.85561488738772,2.26458338542283,6.67416593074008,164.268434901194,0.670041147648151,1.10595112683751,0.347019194992689,1.88481352336385,3.17420147845041,6.67416593074008,164.349663047461
100,0.711005859375,8.185197,0.6302734375,0.651772394180303,1.96060733307092,3.84818824295231,6.74995974044714,164.632906622191,0.647285300916582,1.24306968582119,0.108051831503977,2.08675599416207,7.14173401305145,6.74995974044714,164.361420963208
100,0.745595703125,10.596758,0.6691015625,0.58513535499573,1.93850276690794,3.80144573528096,6.86600330518484,165.803769477083,0.675769954023478,1.38776866401112,0.149993066947309,2.12211240147908,7.0660418835139,6.86600330518484,165.359135890982
100,0.825302734375,7.92402799999999,0.7419384765625,0.694959948062899,1.72565345077526,3.19903999271202,6.83008262983017,166.865944702583,0.730998500604478,1.55503657523479,0.103870646565187,1.92872699927713,8.98742092939439,6.83008262983017,165.706585163029
100,0.6581640625,8.69380900000001,0.573535156249999,0.716205177307136,2.09386194354539,3.53628737883648,6.83775284725116,164.670727544981,0.727303119656913,1.09822923656463,0.868653025647341,2.00491608961309,5.03622075123869,6.83775284725116,166.515679150237
100,0.74798828125,8.20840699999999,0.6762451171875,0.514708158969881,1.92932101442255,3.17697127795527,6.74787205777492,164.284420345002,0.734126470650023,1.20709200610391,0.399161194759395,1.97344502353301,5.35888034357449,6.74787205777491,164.718029617978
100,0.493007812499999,8.262077,0.411796874999999,0.659521636962896,2.69146454501062,9.65745627933675,6.74995974044714,164.284856186896,0.592486226052796,0.849524320778098,0.862066831679884,2.4232169337988,10.2468450436514,6.74995974044714,164.284856186896
100,0.575380859374999,8.962908,0.488222656249999,0.759655237197882,2.23199779200366,7.16185801027253,6.8434671467869,164.303473218654,0.623770913430958,1.35239709796806,0.675019745764712,2.14720329121221,9.54689645992229,6.84346714678689,164.303473218654
100,0.71025390625,8.08722700000001,0.6308203125,0.630969581604012,2.22788744218562,6.89252885677673,6.78479931741137,164.291996883825,0.72976953150664,1.47291918767301,0.531503654025841,2.13854472366867,11.5277759949622,6.78479931741137,165.455148864695
100,0.7002734375,12.301347,0.619951171875,0.645166635513311,2.00290369520361,4.87182097110194,6.90425932575666,164.314675722572,0.765908002646102,1.14779038956795,0.807010872909155,1.91423924584758,5.99076513896514,6.90425932575666,165.685722798529
100,0.591650390624999,9.772908,0.515224609374999,0.584090003967288,2.25477947929308,4.8556586679456,6.79282342999052,164.293606551489,0.651496622740638,1.1161662539909,0.664488336142552,2.08043054215777,6.40978665695581,6.79282342999053,164.293606551489
100,0.67470703125,7.190232,0.5963671875,0.613713111877445,1.87906626381098,2.6486826566722,6.68312455354015,164.270441336836,0.532023412893952,1.28801710993804,0.0227702641797201,2.10769415979588,4.59715264345506,6.68312455354015,164.270441336836
100,0.61072265625,9.562663,0.539594726562499,0.505918238162996,2.21776590174406,3.08963310879125,6.77467777696981,164.289947955415,0.608885686164337,1.15693793121219,0.427196823298959,2.21776590174406,5.11595130287783,6.7746777769698,164.289947955415
100,0.658505859375,6.463579,0.579345703125,0.626633033752448,2.02370082648528,2.99226698182633,6.63517018126851,164.25948866283,0.632785545957376,1.34327137764992,0.26478661715846,2.05973978752424,4.49291702530578,6.63517018126851,164.25948866283
100,0.719140625,8.338357,0.643056640625,0.578877267837529,1.91503530013684,3.11856191482216,6.74787205777491,164.284420345002,0.685083440799535,1.02745847491967,0.20342780877012,2.00398115406914,5.28045611747983,6.74787205777491,164.284420345003
100,0.749287109375,9.108601,0.6723828125,0.591427087783819,2.28357785004969,2.68145237665865,6.78278318837911,165.754537089311,0.759687586614192,1.07881695602662,0.54419565198289,2.24473923768166,3.63124675130552,6.78278318837911,169.648553224713
100,0.721396484375,10.151105,0.645654296875,0.573687896728521,2.10650001084688,4.19019180323985,6.80276386642157,164.29558281264,0.681318474662972,1.22143973760878,0.298112993327244,2.17375065198922,6.70715234531449,6.80276386642157,164.546083098248
100,0.400380859374999,10.132511,0.313017578124998,0.763234291076667,2.51291843754938,7.02266115348751,6.83966124419772,164.302748973273,0.556995060750963,0.720134771575222,1.0599133247375,2.17645749791265,5.85472161168043,6.83966124419772,164.302748973272
100,0.608125,7.013379,0.519804687499999,0.78004776000977,2.12925394359855,3.75589592919037,6.7582671580309,164.286581525872,0.679065170827035,1.05761142610876,0.7967433883776,2.09506341174583,4.57941665077499,6.7582671580309,164.391991636719
100,0.587412109375,8.40416,0.508115234374999,0.62879943847657,2.30990821604413,3.73340756303032,6.7478720577749,164.284420345003,0.692496150966795,0.845389890645789,0.908373894911037,2.15425984584882,4.99748620899696,6.74787205777491,164.284420345002
100,0.556103515624999,10.368096,0.480703124999999,0.568521890640263,2.3373111962203,3.51561506014163,6.81651653454972,164.29828479551,0.670412650837198,0.972424499541303,1.13602611479404,2.12025267897503,4.4105853920326,6.81651653454972,164.29828479551
100,0.594248046875,6.665565,0.511191406249999,0.689840555191045,2.08055371881399,2.76411127295424,6.67416593074008,164.268434901194,0.698613744713221,1.14576458794194,1.14192337879615,1.91489041164969,4.4215463477659,6.67416593074008,164.268434901194
100,0.6453125,8.90916900000001,0.560683593749999,0.716205177307136,2.34702000729665,5.39399609874556,6.82622534562607,164.300170029976,0.666920029171626,1.2941505823693,0.718622275454105,2.32702000729665,7.78924358555916,6.82622534562607,164.772667585915
100,0.524316406249999,7.22723400000001,0.442285156249999,0.672912597656257,2.53279560724365,4.59060594399345,6.70735480403829,164.275778914351,0.622169212539801,0.91493840497411,0.929628791306115,2.35735618343646,6.59457232179153,6.7073548040383,164.275778914351
100,0.591103515625,7.24815400000001,0.507226562499999,0.70353432655335,2.13836917105386,3.82922255413861,6.67641312175132,164.268939887938,0.635130938994764,1.03097920257098,0.803230480269659,2.04739990731896,4.6107681932167,6.67641312175131,164.268939887938
100,0.6275390625,8.571216,0.543730468749999,0.70238803863526,2.15425984584882,5.90114652702662,6.7478720577749,164.284420345003,0.705255119546581,0.965255707611581,0.88076103151713,1.8870619042057,6.23767498489038,6.74787205777491,164.284420345003
100,0.699794921875,7.835784,0.62056640625,0.62771576881409,2.03618683886644,6.15852250676897,6.76445274257221,164.287856911357,0.72223193557728,1.36511380577825,0.590608791344874,1.97510033519598,8.88212263911034,6.7644527425722,164.287856911357
100,0.732060546875,7.68593300000001,0.65625,0.574723901748661,1.93272811244495,2.82563441239964,6.69200363153533,168.980467661676,0.623012794892909,1.04922886770807,0.129186204056458,2.17319045006865,4.16256857658228,6.69200363153534,164.618265007706
100,0.767607421875,6.32212200000001,0.6871484375,0.647364816665651,1.9157350140442,3.47650607818571,6.62812790187695,164.330688637194,0.616887482605591,1.6891748953957,0.0138539846872703,2.25540200854786,7.05647598313493,6.62812790187695,164.257835533456
100,0.636904296875,13.106583,0.559726562499999,0.595640268325809,2.3412624814594,2.97313680119504,6.91669287520367,164.31688422404,0.669464388528478,0.951235892312164,0.546379880623281,2.2534891289186,4.20148579632198,6.91669287520367,164.31688422404
100,0.485419921874999,8.06465699999999,0.396552734374999,0.789737701416023,2.57917676253724,6.32602039364595,6.78076298635891,164.291182284578,0.59659869432194,0.843691681508712,1.00757411167332,2.3640757403728,8.02466699818285,6.7807629863589,164.291182284578
100,0.725703125,6.23362500000001,0.6392626953125,0.747194788455971,1.93923364983438,3.82508287077815,6.68312455354015,164.270441336836,0.720822629056431,1.47672452036331,0.409929718249464,1.93923364983438,6.69800322476611,6.68312455354015,164.270441336836
100,0.674775390625,10.219646,0.595820312499999,0.623390436172491,1.98816149424196,3.72987388713514,6.80671253759432,164.296362413602,0.709712889267227,1.11959544668508,0.549190977571723,1.91869024037461,5.51738218522919,6.80671253759432,164.296362413602
100,0.636357421875,7.67125699999999,0.556103515624999,0.644068946838383,2.12318118867944,4.09577646595165,6.6986115824237,164.273867804832,0.63223486045107,1.41120976605578,0.563064063728148,2.16056763172626,6.76848539296468,6.6986115824237,164.273867804832
100,0.663291015625,8.24188399999999,0.577910156249999,0.728989114761363,2.21007097110729,4.55369056069514,6.72888415257396,164.280414220083,0.705298741545671,1.08912866177128,0.654549124356617,2.09987093814161,5.41310109689546,6.72888415257397,164.280414220083
100,0.684892578125,7.93602700000001,0.60060546875,0.710431680679328,2.02191356069616,4.17833047760328,6.71817741627084,181.048451674147,0.6477183628959,1.57634521848778,0.295489956506661,2.1612655410451,8.0890437784408,6.71817741627085,178.508717198789
100,0.735546875,10.258114,0.65802734375,0.600927772521976,2.03085908122149,4.76843787291017,6.8916692347907,172.336529760319,0.735735444505141,1.323306454167,0.462414545384303,2.03085908122149,8.75050611041813,6.8916692347907,173.274181987516
100,0.67279296875,8.165595,0.586386718749999,0.746604003906256,2.11676679313335,3.7176684280522,6.7457800075657,164.283982677595,0.72006110344099,1.18627091036181,0.824701124285783,1.98650448847532,4.78762970900354,6.7457800075657,165.894676137914
100,0.475781249999999,9.68501400000001,0.401235351562499,0.555709097385412,2.6904710510859,6.35171448898411,6.80868104153134,164.296749914377,0.626539138015465,0.907561637277258,1.26817681219861,2.21506882960524,7.83789247917385,6.80868104153133,164.296749914377
100,0.67361328125,7.81299,0.593359374999999,0.644068946838385,2.10370514670445,4.7010810943914,6.74995974044714,164.284856186897,0.622987593757565,1.12656026794735,0.183954673940291,2.23114655898046,7.05831011747824,6.74995974044714,164.284856186896
100,0.589873046875,8.249844,0.503842773437499,0.74012079477311,2.17084053064612,3.99394343468996,6.76445274257221,164.287856911357,0.724942017018132,1.01071479271165,1.27356130113405,1.91753147789188,3.90729534442421,6.7644527425722,164.287856911357
100,0.624326171875,9.298585,0.534638671874999,0.804384765625008,2.1189291284659,3.56086372322832,6.79879954141764,164.294797018232,0.633085820728857,1.16103359447021,0.592627529910349,2.10253568584295,4.28188121172946,6.79879954141764,164.294797018232
100,0.671630859375,8.805278,0.595410156249999,0.580959558486943,2.11407867999068,3.79974820945276,6.76033327373337,164.287008409281,0.703860245730438,1.21313973581745,0.658933173427105,2.03206737002761,5.68064899701608,6.76033327373337,167.676728877697
100,0.732265625,8.617523,0.65255859375,0.635321083068851,2.02056183886644,4.74111416345669,6.7644527425722,164.287856911357,0.753313071882454,1.10663849041285,0.605061950109599,1.94590169921985,6.25798713761018,6.76445274257221,164.287856911357
100,0.6384765625,9.486152,0.555351562499999,0.690976562500006,2.05528789045934,5.36629155105171,6.81456340954972,164.297903325783,0.735381144463618,1.38032226356129,1.19565451384128,1.86158413060421,7.04642406136631,6.81456340954972,164.297903325783
100,0.65228515625,10.759919,0.573398437499999,0.622311439514168,2.07093764575183,2.88636162601898,6.84536467999373,164.303833281881,0.698988390429002,1.1273520815343,0.716438451404318,2.02681363664137,3.88826953540919,6.84536467999372,164.303833281881
100,0.581259765625,8.063128,0.495332031249999,0.738357553482064,2.18228400320781,4.61035262198172,6.72032795390527,164.278583996224,0.608377547777548,1.38470430814169,0.720486123783086,2.09131473947291,6.14649019409424,6.72032795390526,164.278583996224
100,0.714833984375,9.16926500000001,0.63,0.71968049049378,1.89291083930344,4.83965498790222,6.82041137758034,164.29904328634,0.719156920234463,1.17917159512251,0.520352110663469,1.88009032648293,6.66857670924848,6.82041137758034,164.382014151335
100,0.511396484374999,9.22792999999999,0.422734374999999,0.786096963882453,2.4737770144562,4.94278115569193,6.77671029729501,164.290361069302,0.658005526630215,0.876018957916343,1.10635183956913,2.14769708286266,4.3751785203663,6.77671029729501,164.290361069302
100,0.721533203125,9.58683399999999,0.641484375,0.640781488418587,1.93291616181375,4.83408804741499,6.86041670009065,164.306665375878,0.813074698403594,1.29335482897031,1.13594152963962,1.72407021920187,7.65566180546777,6.86041670009065,164.306665375878
100,0.713740234375,7.279685,0.630546875,0.692113504409795,1.93510168283987,4.06106497734332,6.70952871708177,170.480257261626,0.712376920724393,1.28916192742335,0.471099471302506,1.95025319799139,6.12544159276875,6.70952871708177,171.391748235036
100,0.509892578124999,10.350184,0.426767578124999,0.690976562500006,2.58470444909194,6.67516731389885,6.81260646238729,164.297520361563,0.649880095033966,0.798484106392802,1.10798685230866,2.20113710760406,5.05751804075551,6.8126064623873,164.297520361563
100,0.698564453125,7.918142,0.621181640625,0.598809967041019,2.16494879798983,2.81350093319486,6.70299274868728,164.274827536875,0.742246464602158,1.04087079416183,0.639693470346612,2.09152339390405,3.76478798226496,6.70299274868728,164.274827536875
100,0.737255859375,11.027855,0.663154296875,0.549104156494142,1.92959898664842,4.0013753804249,6.88257826559393,164.310758333773,0.758370523541346,1.18706985037696,0.528906995476097,1.90475330763607,6.34040988222532,6.88257826559393,164.310758333773
100,0.472841796874999,8.720247,0.394843749999999,0.608369531631474,2.7945429670691,7.4124356721328,6.75619676465616,164.286152872999,0.581053687351589,0.872992696839863,0.958237865358495,2.40619814405433,5.9803297988951,6.75619676465616,164.286152872999
100,0.703828125,7.04389900000001,0.61673828125,0.758464088439948,1.96449702126126,4.2909000661184,6.76855531099042,164.288698465623,0.67350020764006,1.8524520703704,0.341085800886863,2.05616242315767,10.9733459405579,6.76855531099042,164.345666557987
100,0.723173828125,8.049186,0.6379296875,0.726656351089483,1.92722896421335,3.89258678301072,6.74578000756571,164.283982677595,0.722800081023241,1.55714406211327,0.519656301951223,1.92722896421335,6.70911097564886,6.7457800075657,164.283982677595
100,0.6663671875,6.644604,0.578046874999999,0.780047760009774,1.98014926617663,3.9276603454576,6.67641312175132,164.268939887938,0.708446210671129,1.12863365276963,0.742541022742246,1.91713760266093,3.97645215343429,6.67641312175132,164.268939887938
100,0.702119140625,9.9092,0.62712890625,0.562353525161748,2.12220199671382,4.05564872543943,6.81846585228851,164.298664779474,0.647176623816418,1.15197306700099,0.205577783564384,2.18945263785616,7.43407723938669,6.81846585228851,164.298664779474
100,0.826943359375,8.570773,0.74169921875,0.726656351089481,1.81762102181996,3.46401737944237,6.77060030076547,164.289116663941,0.848150321667437,1.11249908629291,0.566696215584543,1.75662726618055,4.24525967229034,6.77060030076547,164.629789821138
100,0.7434765625,9.554218,0.66867431640625,0.559537602066995,1.98816149424197,2.89195385946499,6.80671253759432,164.366736064954,0.727184729280775,1.10750998680352,0.340549326318293,2.00265424786515,5.46528993063456,6.80671253759432,164.89487424067
100,0.626787109375,9.031674,0.548994140624999,0.605174598693852,2.42209354464546,5.47460123063052,6.79481943797455,164.294004956277,0.698458718085801,1.06471816017672,0.86616699506274,2.25677548727711,8.33800058978303,6.79481943797456,164.294004956277
100,0.567041015624999,9.160353,0.475849609374999,0.831587257385261,2.24498098383607,7.04342373852891,6.82041137758034,164.29904328634,0.632133432799436,0.956320218803237,0.856973920837881,2.09214547387457,5.99366527901172,6.82041137758034,164.29904328634
100,0.597666015625,8.07295399999999,0.515976562499999,0.667316675186162,2.22276954970419,4.26469741548977,6.74158273117087,164.283101820168,0.677841131325632,1.12470725550549,0.960061594422704,2.04531887559618,5.30803683733729,6.74158273117087,164.283101820168
100,0.669375,9.528927,0.590625,0.620156250000005,1.84105477271352,2.81397300729314,6.76855531099042,164.288698465623,0.694790178822572,0.910811594206936,0.522869417077946,1.80307603204491,3.65602727798115,6.76855531099042,164.389124728156
100,0.6570703125,9.056337,0.574201660156249,0.686721354126939,2.15848555726385,4.65380717811809,5.80474015100655,67.1171165666533,0.75054598458916,0.980631501987477,0.941489068200169,1.89022662571666,4.90754128600783,5.80474015100655,64.3704512563084
100,0.555966796874999,11.070213,0.481318359374999,0.557238922119144,2.45542995422747,4.4449537892149,6.82815584755656,164.300542713747,0.633117848794316,0.728572494202034,0.725036902548424,2.2527254538123,5.78817417885322,6.82815584755658,164.300542713747
100,0.741083984375,8.587545,0.6630859375,0.608369531631468,2.06800164482317,2.94993872903718,6.74787205777491,175.774368747356,0.6516028538356,1.4109359885888,0.128808945925822,2.15425984584882,4.6709663251949,6.74787205777491,168.359691399702
100,0.552685546874999,8.762763,0.464843749999999,0.771618127822883,2.55934908889362,6.88592505955224,6.86228237173244,164.307013448946,0.624232404457438,1.3209407290312,0.979287714128353,2.42431853000165,12.0510645771258,6.86228237173245,164.307013448946
100,0.646953125,7.82075400000001,0.560410156249999,0.748968544006355,2.31180312570136,5.55280702316811,6.77060030076547,164.289116663941,0.664972283378217,1.17405884961268,0.697349247326046,2.29139496243605,6.94820356921394,6.77060030076548,164.289116663941
100,0.554257812499999,9.736509,0.476328124999999,0.607303619384769,2.44793497032147,4.20906825706222,6.7746777769698,164.289947955415,0.589363214959832,0.657424398110384,0.519665441732964,2.37972966141849,4.56346835181323,6.77467777696981,164.289947955415
100,0.417812499999999,6.46291899999999,0.326142578124998,0.840337457656868,2.67136638698718,8.93392668381721,6.6986115824237,164.273867804832,0.560468410946231,0.921212635484447,1.19457327698459,2.34861296182187,6.91193536613057,6.6986115824237,165.219701149123
100,0.665751953125,7.064415,0.587480468749999,0.612642526626595,2.04197240851575,4.00159446278421,6.70517615480082,164.275304263101,0.579649519349882,1.27013835213943,0.107416911861582,2.16713220410337,6.62857349696745,6.70517615480081,164.275304263101
100,0.498818359374999,7.878908,0.406669921874999,0.849133453369147,2.39996111984532,5.23108241436247,6.74995974044714,164.284856186897,0.61762207450742,0.872949698771002,1.01933089382181,2.25075440211772,5.79011540618787,6.74995974044715,164.284856186896
100,0.717705078125,7.124225,0.6395703125,0.610504159927375,2.1262126783144,4.84583941732441,6.68312455354015,164.270441336836,0.748138297242737,1.19333730027498,0.500772065960843,2.03686995979745,6.3984821895721,6.68312455354015,164.270441336836
100,0.70888671875,7.000044,0.63232421875,0.586181640625005,2.04290046405547,3.26119322433268,6.67191367848783,164.267927637173,0.702750546457807,1.63418142594653,0.430876339035326,2.04290046405547,6.70632601391595,6.67191367848782,164.267927637173
100,0.580986328125,8.787357,0.502578124999999,0.614784631729131,2.22435117870603,3.62348970868736,6.76239512940348,164.287433534162,0.630200420286127,1.09137775740306,0.731245953586168,2.09919138311841,4.69130462112753,6.76239512940348,164.287433534162
100,0.539355468749999,7.82400100000001,0.456367187499999,0.688705482482916,2.21855458190495,3.44465608244971,6.73736776337162,164.282213521504,0.62288436374965,1.10476908649334,0.950122112768488,2.05749735041989,4.25582443244255,6.73736776337162,164.282213521504
100,0.80650390625,10.314344,0.734111328125,0.524068536758426,1.80254349996479,2.94331010402101,6.81651653454973,164.29828479551,0.754329696016357,1.55676947243579,0.0907845660298455,1.95570638098051,5.67501384065743,6.81651653454973,164.734348740791
100,0.68400390625,8.689336,0.60703125,0.592478981018072,2.07416401708655,3.83266816526159,6.73736776337163,164.282213521504,0.576569332064203,1.20596428937559,0.0760391182908753,2.29940392164084,5.58397169409389,6.73736776337163,164.282213521504
100,0.73212890625,7.02725200000001,0.648935546875,0.692113504409796,2.13287936692905,4.93688450646157,6.68979124215479,164.271922832949,0.615677878627659,1.35533045161541,0.0399771427769018,2.38685795931599,8.39727160890829,6.6897912421548,164.271922832949
100,0.558769531249999,6.194501,0.476601562499999,0.675157508850103,2.32236487619649,4.75923243521128,6.64910768284482,164.26272627962,0.700618784773093,1.08130739048133,1.36013076226695,1.93671479501207,6.33621572361534,6.64910768284482,164.26272627962
100,0.62193359375,8.722463,0.532895507812499,0.792778074741369,2.02670939705971,4.59741203045951,6.77060030076547,164.289116663942,0.681437649054696,1.13921171076715,0.797605154135548,1.95204925741312,5.61282539657257,6.77060030076548,164.289116663941
100,0.736298828125,7.846405,0.650986328125,0.727822265625002,1.89255620333265,2.99665946068615,6.73947746801297,164.282658606872,0.698024860845173,1.09611656958877,0.29542470702856,1.95012506063675,4.32186935342825,6.73947746801297,164.282658606872
100,0.59390625,6.829082,0.511328124999999,0.681914672851567,2.1727083401584,3.37265422582235,6.67191367848783,164.267927637173,0.694352856439914,0.962257945525232,0.960119131760252,2.07830146656174,3.35478139803806,6.67191367848782,164.267927637173
100,0.59486328125,9.908214,0.513789062499999,0.65730289459229,2.15980620754214,2.1241361698257,6.78881942197449,164.292804946676,0.638705845200446,1.12857664403892,0.687972811262763,2.15980620754214,2.96195485913896,6.78881942197449,164.292804946676
100,0.6242578125,10.103953,0.543593749999999,0.650669097900395,2.30352205540504,4.85905986079958,6.84156600610249,164.303111785064,0.729382837841627,0.987236133728586,1.02057400445136,2.02301496275013,5.17564853710653,6.84156600610249,164.303111785064
100,0.739033203125,10.437565,0.65966796875,0.62988404273987,2.17529501786707,5.17871443196382,6.87155887344176,164.308734530473,0.770826864106024,1.31025047599238,0.597853777261507,2.11228335435137,8.5894932227072,6.87155887344176,164.308734530473
100,0.70875,9.27715799999999,0.632734375,0.577837524414068,2.14158708633312,5.466744500753,6.77060030076547,164.289116663942,0.739786058272427,0.922063423793967,0.495771712704316,2.04233439705971,6.50696382231097,6.77060030076547,164.289116663941
100,0.542021484374999,7.839884,0.459409179687499,0.682479288578039,2.14886391895015,4.55702550077841,6.76033327373338,164.287008409281,0.632694638560615,1.0579494231636,0.989856127058213,1.92749651609531,7.00056015822167,6.76033327373338,164.287008409281
100,0.70546875,8.455035,0.63587890625,0.484274635314944,2.04531887559618,2.92572897084612,6.74158273117087,164.283101820168,0.717179695924753,1.02409107560909,0.479826912675224,2.0133168274651,4.64943893866596,6.74158273117087,164.283101820168
100,0.67498046875,9.912194,0.5992041015625,0.574205782413486,2.14350879130925,3.95275203675012,6.80671253759432,164.296362413602,0.709723657033551,0.874320919276188,0.613973631776238,2.07844663388855,5.06774108629303,6.80671253759432,164.296362413602
100,0.75140625,7.959235,0.67115234375,0.644068946838382,1.95223032379464,3.75225963178434,6.74158273117087,164.283101820168,0.797482461280766,1.3434619276691,0.817965509230493,1.85356043395116,6.09081375877363,6.74158273117087,164.841423209976
100,0.743134765625,7.208095,0.67005859375,0.534012689590458,2.08504306229159,4.07285356869631,6.67865527421768,164.269442612706,0.712631963631574,1.26821265655984,0.210892002379975,2.17944993588826,7.99226809740104,6.67865527421768,164.269442612706
100,0.764462890625,10.007083,0.687421875,0.593531808853151,2.01537404919744,2.98065728489883,6.8339250925498,176.254461655625,0.73199425017632,0.991642772211755,0.281418978858607,2.07464957345941,4.37002424989021,6.8339250925498,171.037809454955
100,0.601767578125,6.653918,0.515976562499999,0.736009836196906,2.08274178227086,5.10409486192665,6.69421113705409,164.272899607688,0.746324536897009,1.24521765328863,1.41099889277226,1.86137437941602,6.23966645594829,6.6942111370541,164.272899607688
100,0.7937890625,7.640681,0.70314453125,0.821643104553226,1.80963868934973,3.62484613128732,6.74995974044714,164.284856186896,0.886689444042336,1.26607903826968,1.127039153848,1.64553056139223,4.34354513265764,6.74995974044714,168.126002521643
100,0.763505859375,9.229211,0.6838671875,0.634231805801391,2.10894900902275,4.30126880667098,6.78881942197449,164.292804946676,0.793582323325062,1.25093835342739,0.6506423007691,2.04492851826872,7.40570000933367,6.78881942197449,164.805465475477
100,0.709365234375,11.742388,0.63505859375,0.552147684097295,2.10672778609446,4.14835272394497,6.86600330518484,164.388188260448,0.560035823000302,1.39952979883666,0.00303003239156555,2.42803946345406,8.41700101675525,6.86600330518484,164.307705716833
100,0.623642578125,8.109285,0.543046874999999,0.64956673622132,2.15092577462025,5.0305523199437,6.76239512940348,164.287433534162,0.626432142865951,0.996658620435602,0.542848255083611,2.15092577462025,6.70818145342883,6.76239512940348,164.287433534162
100,0.631298828125,7.230834,0.552207031249999,0.625551233291631,2.17319045006865,3.76229365983287,6.69200363153533,164.272412299626,0.695749073601805,0.834990408276832,0.718306759376048,2.11657323779106,4.61642430023421,6.69200363153533,164.272412299626
100,0.521855468749999,6.42404300000001,0.439174804687499,0.683609220981604,2.54236570296347,4.33426657007641,6.66057569340891,165.675834219741,0.662314687858374,0.998927974314237,1.26409265966012,2.26562757785758,6.59908953051296,5.66057569340891,77.9486939183358
100,0.74662109375,9.45086,0.6625390625,0.706978797912602,1.83435672587239,2.35308498599727,6.7746777769698,164.289947955415,0.74859036669108,1.25124456999577,0.274769827116785,1.83435672587239,3.5754807999953,6.77467777696981,164.289947955415
100,0.6997265625,10.005013,0.6231640625,0.586181640625003,1.97976970474922,4.31850743623022,6.8126064623873,164.297520361564,0.715796862795771,1.14327988995762,0.55223458423966,1.96568519770697,6.24179040797847,6.8126064623873,164.297520361564
100,0.544550781249999,7.701849,0.456640624999999,0.772819557189948,2.10199859771608,3.68641028018482,6.73101181214843,164.28086691361,0.669781320165042,1.05117490431902,1.23844016182474,1.91246076879608,4.00635892677936,6.73101181214843,164.28086691361
100,0.67443359375,12.252309,0.5990673828125,0.568006575107577,2.18448625645435,4.1896299409824,6.88075011202903,170.302327258364,0.610879179149372,0.979658959578829,0.227207506168872,2.26928075724581,6.43245715721471,6.88075011202904,165.793895603123
100,0.7021875,9.18922200000001,0.62890625,0.537014160156254,2.08046286078164,2.74721712081969,6.76033327373338,164.287008409281,0.714105343653396,1.08810316294321,0.529368107629028,2.06406941815869,3.40691624969291,6.76033327373338,164.287008409281
100,0.63888671875,7.996013,0.555624999999999,0.693251380920416,1.96997151293747,3.2526454004221,6.71386241664323,164.277190552839,0.716779263519029,0.966494976481303,0.965574265499842,1.85305226307402,3.10842249474603,6.71386241664323,164.996909397779
100,0.67060546875,9.16898199999999,0.5901123046875,0.647914946079259,1.89677702019165,3.44338313911414,6.78479931741137,164.291996883825,0.670798750494254,1.43003924719073,0.424252758010892,1.89677702019165,5.44854481568468,6.78479931741137,164.291996883825
100,0.641005859375,8.63231600000001,0.555556640624999,0.730156898498539,2.25277947929307,7.69435931061572,6.79082342999053,164.293206551489,0.642382509786531,1.03260229879814,0.40168473862408,2.25277947929307,9.37788854322614,6.79082342999053,164.293206551489
100,0.515224609374999,7.831086,0.435996093749999,0.627715768814092,2.4902754029755,7.59678911783214,6.71817741627085,164.278121515012,0.621881424964777,1.02633055337846,1.0412683597729,2.21897207794143,7.22845014519079,6.71817741627085,164.278121515012
100,0.670537109375,7.741375,0.588369140625,0.675157508850103,2.17760059875922,3.40217673729657,6.6964137802259,164.273384771382,0.555143673312701,1.33872777193698,0.0736354942046308,2.27972653423979,4.05966106465932,6.6964137802259,164.273384771382
100,0.60306640625,9.052543,0.520351562499999,0.684174537658698,2.0988682819092,3.4226367333558,6.77873869486093,164.290772508971,0.608049324325395,1.20770794956015,0.304248211126935,2.0988682819092,4.8989654207066,6.77873869486093,164.290772508971
100,0.632392578125,5.235104,0.544208984374999,0.777634620666511,1.95561882931234,5.19326831244074,6.60187342305504,164.251568834128,0.636856501473896,1.04539990369014,0.449070886010217,1.95561882931234,6.13469132519873,6.60187342305504,164.33067617812
100,0.67265625,7.74083199999999,0.59595703125,0.58827701568604,2.30578663066594,5.03708025224174,6.72247387665204,164.279044494667,0.747182502009486,1.25485626033303,0.874789050404447,2.09346066221969,8.87860143446896,6.72247387665204,164.279044494667
100,0.608193359375,5.874001,0.516625976562499,0.838458559513098,2.21144065589085,6.09325883279804,6.62812790187695,164.257835533456,0.72076018719459,1.1247918549136,1.11934812359382,1.93186404630226,5.12828098443187,6.62812790187695,164.257835533456
100,0.644833984375,12.241839,0.580131835937499,0.418636801242833,2.33166649390882,3.44197299543231,6.86971044460627,164.308392861557,0.658824493694646,1.08584120751667,0.345343099630426,2.31279856938052,6.22651479753217,6.86971044460627,164.308392861557
100,0.532861328124999,7.537169,0.445703124999999,0.759655237197883,2.45246877321206,5.96980424991784,6.73101181214843,164.28086691361,0.639925986568228,1.23881360335331,1.2131002503189,2.13739960022235,7.62938685207922,6.73101181214843,164.28086691361
100,0.703623046875,8.874215,0.62248046875,0.658411798477179,2.14769708286265,2.81774218334612,6.77671029729501,164.290361069302,0.715762041680002,1.25218611502748,0.608984084075774,2.14769708286266,4.78575128370422,6.776710297295,164.290361069302
100,0.61359375,7.67751400000001,0.534160156249999,0.63096958160401,2.21219863068176,6.38806897784464,6.73101181214843,164.389788764094,0.601974333950503,1.18690166467698,0.482396961816589,2.23180647381901,9.36737329754125,6.73101181214843,164.384342701314
100,0.622958984375,7.511368,0.538193359374999,0.718521118164069,2.11878074330983,3.419238290901,6.69421113705409,164.272899607688,0.630583544275245,1.15828708246341,0.529562488490981,2.11878074330983,4.7774749123801,6.69421113705409,164.272899607688
100,0.672109375,8.31372399999999,0.597871093749999,0.551132240295415,2.05160820220022,3.17262342877603,6.74787205777491,164.284420345002,0.558677901814626,1.22283010501858,0.044953819855347,2.28907488271079,5.15238867038518,6.7478720577749,164.284420345002
100,0.6849609375,8.79759599999999,0.606757812499999,0.611572875976568,1.99068422135676,4.32077506468974,6.74995974044715,164.284856186896,0.702621068886662,0.91613460374144,0.513573429038898,1.93140869709479,5.62672275598971,6.74995974044714,164.284856186896
100,0.817646484375,7.77608000000001,0.7391015625,0.61693047523499,1.77570119275964,2.62536409113614,6.71602224385706,164.277657038199,0.829547129375724,1.68874375988702,0.518234926153611,1.77570119275964,5.21471766199376,6.71602224385705,164.351512603761
100,0.657548828125,8.740419,0.581738281249999,0.574723901748664,1.96858282736284,2.44671003065648,6.772641117092,164.289533157069,0.719647283132018,1.33098372448958,0.835846240051625,1.91183096352279,3.83006439812697,6.772641117092,165.371517029807
100,0.59828125,11.881834,0.515019531249999,0.693251380920416,2.18469152117539,4.80270521613086,6.89708440900814,164.313388731637,0.654302859948079,0.931517272526874,0.729591717717035,2.05016314432782,5.72743319855313,6.89708440900814,164.313388731637
100,0.690224609375,7.26543300000001,0.608125,0.674034585952765,1.94159520961516,3.2961618949735,6.71602224385706,164.277657038199,0.720700619605784,1.44742439516025,0.730531362215263,1.85521209028784,4.66102252535638,6.71602224385706,164.455625738395
100,0.531972656249999,10.317684,0.451445312499999,0.648465309143071,2.56871558045129,6.32730069907459,6.84725861938767,164.304191982524,0.585399241036721,1.05727360642673,0.736660497376165,2.43057137340157,8.78068527527685,6.84725861938767,164.304191982524
100,0.80021484375,7.444702,0.715859375,0.711584510803226,1.89813233338581,2.98895005647061,6.77264111709201,164.67250822348,0.740995178498587,1.68495483343835,0.198469056049203,2.01336559800162,6.33971024511045,6.77264111709201,165.006309194385
100,0.655703125,11.238343,0.582387695312499,0.537515223026281,2.02681363664137,3.25175268469328,6.84536467999373,164.303833281881,0.745369317556601,1.32157041553809,1.08774676350787,1.94400904944068,4.54850056184399,6.84536467999372,164.303833281881
100,0.579345703125,10.954079,0.491503906249999,0.771618127822885,2.28896605366785,3.67631718712485,6.88257826559393,164.310758333773,0.661468869066985,1.01327202271243,0.900721888947888,2.15431236188817,4.24389544713433,6.88257826559393,167.758805365014
100,0.64859375,5.563235,0.558085937499999,0.819166412353525,2.25296909615861,6.77417095099351,6.66965634214471,164.267418080436,0.71340354645855,1.31900606054295,0.902968224676443,2.02340174840201,8.00403991581676,6.66965634214471,164.267418080436
100,0.622138671875,5.797413,0.540517578124999,0.666200294494633,2.16933072681283,3.54738049662639,6.62812790187696,164.257835533456,0.653644650211654,0.955242613732672,0.596577046725576,2.10931472041027,4.31728405173146,6.62812790187696,164.257835533456
100,0.70751953125,9.16265599999999,0.6321875,0.567491493225103,2.14153640472148,4.53601361255744,6.80474015100655,166.237698150916,0.686548406158192,1.2524428453035,0.295510811833983,2.19327079622332,6.8106237724177,6.80474015100655,166.975963359434
100,0.653857421875,10.502216,0.578730468749999,0.564405908584601,2.39971327186811,4.65632467637327,6.87891861019753,164.704498021612,0.738511385868749,1.07030802903274,0.924258022447704,2.24990539576518,7.44689791539557,6.87891861019753,185.634444237086
100,0.70779296875,7.740726,0.62029296875,0.765625000000006,1.95674672476667,4.1865772279749,6.71602224385706,164.277657038199,0.631381903927914,1.1115829378787,0.109565329045556,2.15911036863131,7.24853676747801,6.71602224385706,164.277657038199
100,0.70984375,8.710953,0.62453125,0.727822265625006,1.96348095608007,4.77339345548442,6.82429110964928,164.299795903095,0.69250200106219,1.28683571688241,0.454597906324961,1.99145435201121,7.80748035216142,6.82429110964928,164.299795903095
100,0.711142578125,9.48101000000001,0.6324609375,0.619080057144171,2.10714486730297,3.89082153729031,6.85103577100874,164.304905326878,0.704736862291384,1.30913077661965,0.3880723843404,2.10714486730297,7.394673239082,6.85103577100873,164.304905326878
100,0.7095703125,8.05518,0.637314453125,0.522090921401981,1.98991151256508,2.73172100269988,5.71817741627085,64.2781215150122,0.782688258947002,1.05183417758821,0.874020063695659,1.88534065863278,4.22157694907316,5.71817741627085,64.2781215150122
100,0.480976562499999,7.47847199999999,0.395971679687499,0.722583010196693,2.41062495672329,6.21670114759475,6.73736776337162,164.282213521504,0.569839181032401,0.97105338545117,0.907987913309095,2.2581624250422,5.76520404991647,6.73736776337162,164.350443666249
100,0.62193359375,6.58029,0.545234374999999,0.58827701568604,2.30371206028315,5.72407027923121,6.65371068088497,164.263785660571,0.647458371314734,1.18763027704411,0.630308411683998,2.21574683915419,6.68736204697922,6.65371068088497,164.26378566057
100,0.554531249999999,8.32449500000001,0.468740234374999,0.736009836196906,2.08475721840574,3.01454425556563,6.73101181214843,164.28086691361,0.645057633329496,1.1437344004653,1.01566667677272,1.97173629305805,3.4935893034906,6.73101181214843,164.28086691361
100,0.70505859375,7.629867,0.6264453125,0.618004798889165,1.86719968043738,6.50876779824937,6.76855531099043,164.288698465623,0.698741442432122,1.3057489469374,0.315431822498135,1.90774515742121,13.4664608782413,6.76855531099042,164.288698465623
100,0.704375,7.461425,0.6258984375,0.615857086181646,1.96152533844903,3.12099365353108,6.6897912421548,164.271922832949,0.73200552959518,1.00622997276255,0.511471681086614,1.9153642079129,3.47841273908066,6.68979124215479,164.271922832949
100,0.542978515624999,7.315242,0.464365234374999,0.618004798889165,2.29705551598401,6.94803798044222,6.69200363153533,164.272412299626,0.56760823496269,1.43236512946446,0.462915889303907,2.23320645647121,12.1099846687586,6.69200363153533,164.272412299626
100,0.66021484375,10.56401,0.585156249999999,0.563379249572759,2.25569458716154,3.52630071857362,6.81260646238729,164.297520361563,0.572683658927382,1.15380583358061,0.0716402170671624,2.43988056905819,4.93747384610437,6.81260646238729,164.297520361564
100,0.68482421875,9.5285,0.6051171875,0.635321083068851,2.06282163388855,4.3181183178689,6.80671253759432,164.296362413602,0.656666504516841,1.07601497952736,0.388753475388481,2.12684212464258,5.82383380454987,6.80671253759432,164.296362413602
100,0.611953125,8.698524,0.539082031249999,0.531019630432134,2.07839674507916,4.1169442358511,6.7582671580309,164.286581525872,0.580970738794747,1.18067320832343,0.136654670839141,2.14679780324767,6.13907807140838,6.7582671580309,164.286581525872
100,0.67033203125,7.72086899999999,0.582626953124999,0.769218072891242,2.06740056579355,4.57205936035311,6.6964137802259,164.273384771382,0.665126983513668,1.30168927369667,0.605023141584189,2.06740056579355,6.25836505578199,6.6964137802259,164.273384771382
100,0.676005859375,9.908535,0.5952734375,0.651772394180303,2.1375799221167,5.58255047870934,6.80078366840177,164.295190694221,0.701544398061577,0.947114249780977,0.61006875248017,2.04150814931138,6.74277753203928,6.80078366840177,164.295190694221
100,0.699521484375,9.615389,0.6201904296875,0.629341623783119,2.11383245779332,4.04540334597267,6.82622534562607,164.300170029976,0.595490787668756,1.43843873907545,0.0537595241035587,2.30741216415939,9.6564932278449,6.82622534562608,164.300170029976
100,0.698564453125,10.636253,0.628701171875,0.488087806701664,2.27892892613631,4.53613362339069,6.83584080136205,164.392705952489,0.744197889383808,1.06115691272829,0.712221252420113,2.13957694578737,8.19475519415625,6.83584080136206,168.70690203399
100,0.67470703125,10.004183,0.595683593749999,0.624470367431647,2.0925555663998,3.51126649763576,6.78881942197449,164.292804946677,0.768153669188142,0.996064204336669,0.946237950467178,1.91431063826829,3.87722104261333,6.78881942197449,164.292804946676
100,0.63396484375,9.63449699999999,0.554531249999999,0.63096958160401,2.25876751914962,4.56723503731382,6.79681146984706,164.294401775375,0.689768238914598,1.24643627401915,0.794999958342506,2.15055687610437,7.09114034098969,6.79681146984706,164.294401775375
100,0.677646484375,9.097544,0.59048828125,0.759655237197882,2.13574185117857,4.58143131682915,6.83200570675325,164.301283785225,0.700568754011128,1.28804070284139,0.67776635535112,2.08811480304748,6.7409045120029,6.83200570675325,164.517111032177
100,0.62248046875,9.20976,0.539458007812499,0.689272902011875,2.23989959462131,4.31576137409913,6.79681146984706,164.294401775375,0.672207220193057,0.912323322309728,0.717862241009361,2.22138107610279,4.39003481020575,6.79681146984706,164.294401775375
100,0.561982421874999,10.155661,0.476533203124999,0.73015689849854,2.43572075242195,6.53771614321295,6.91492609075137,164.31657207131,0.665858158940309,1.15256761758523,1.11770229159131,2.1108678010222,7.89336569114855,6.91492609075137,164.31657207131
100,0.818056640625,6.77998600000001,0.7358203125,0.676281366348271,1.86594180284271,3.84548440372425,6.72675195641192,164.279959594036,0.753101661606985,1.20131208145691,0.311766298397654,2.06354821012685,6.14605486076181,6.72675195641192,164.279959594036
100,0.735205078125,8.147014,0.6553271484375,0.638048365116122,1.89466146649055,2.56853020988683,6.74158273117087,164.283101820168,0.813593007567684,0.888063369113157,0.796682455706745,1.77610345222535,3.21333960220922,6.74158273117087,164.283101820168
100,0.6390234375,9.076984,0.564374999999999,0.557238922119145,2.19928488943041,2.39758368368988,6.75619676465616,164.286152872999,0.643804934009183,1.11124426805737,0.4937841666325,2.18076637091189,3.64206698278817,6.75619676465616,164.286152872999
100,0.66267578125,7.36282700000001,0.584951171874999,0.604111490249643,2.35638174689181,4.07213421147129,6.68312455354014,164.270441336836,0.624564930238879,1.03024216322021,0.197733845600212,2.38019127070133,4.997603047708,6.68312455354015,164.270441336836
100,0.6822265625,5.978132,0.594453125,0.770417633056646,2.21985809915356,7.83422755378146,6.67865527421768,164.346328864351,0.67168518752442,1.31348932721811,0.439496902030432,2.21985809915356,10.9570626027407,6.67865527421768,164.341557824295
100,0.531835937499999,6.83231600000001,0.442558593749999,0.797044410705572,2.26284072314906,4.2364630297395,6.70080456487984,164.274348722038,0.684476618075779,0.951995956145707,1.21567974726159,2.02093415192811,4.67000054911496,6.70080456487984,164.274348722038
100,0.588232421874999,8.46812200000001,0.510986328124999,0.596695899963383,2.37659956781894,7.55196217276494,6.81456340954972,164.297903325783,0.627608398827811,1.46977877682229,0.566476736317378,2.27651945885227,15.7423870096991,6.81456340954972,165.649603811437
100,0.674091796875,9.807543,0.5925390625,0.665084848403934,2.03228550335242,3.13314940075139,6.80671253759432,164.296362413602,0.650570247745685,1.15071654328261,0.390306872556196,2.07844663388855,4.74050811523115,6.80671253759432,164.296362413602
100,0.633896484375,9.66325700000001,0.549985351562499,0.704107820987708,2.03436796682776,3.67740318146079,6.85291901018011,164.360085728464,0.636841668672298,1.41784152227523,0.448872110641996,2.03436796682776,6.86666166628983,6.85291901018011,165.096812196503
100,0.493144531249999,7.266125,0.406328124999999,0.75370883941651,2.33535310443053,5.35565962955719,6.68535172503235,164.270937366121,0.574804048490637,0.989934581714669,0.872679749587107,2.18614638670293,5.31640341327372,6.68535172503235,164.270937366121
100,0.64873046875,9.586023,0.565878906249999,0.686438140869145,2.28357785004969,3.53930760880928,6.78278318837911,164.291590406198,0.707929440698629,0.89674057208346,0.700094136540973,2.26397000691243,4.33961781984551,6.78278318837911,164.291590406198
100,0.694189453125,5.584608,0.61564453125,0.61693047523499,2.05654789036119,3.5326591325772,6.59459184105864,164.249801445974,0.626385737684321,1.15292122943941,0.0934245216698374,2.19964372550731,8.93800975167773,6.59459184105864,164.249801445975
100,0.663359375,7.755779,0.5816015625,0.668433990478523,2.26367670158792,4.31982640353884,6.72247387665204,164.350004358135,0.616280244992345,1.1841324352256,0.241777445580414,2.28451003492126,6.67134549166474,6.72247387665204,164.34296700651
100,0.670810546875,10.098785,0.59623046875,0.556218805313115,2.0823344419203,4.25509588980523,6.82622534562607,164.300170029976,0.645654635112587,1.1343273678223,0.229635132925806,2.11383245779332,5.7615853408134,6.82622534562607,164.300170029976
100,0.515019531249999,9.03459800000001,0.432304687499999,0.684174537658698,2.67362995856348,9.82977576133,6.82041137758034,164.29904328634,0.607556353010844,1.03010970697113,0.899861700680007,2.38244753584956,10.025340176003,6.82041137758034,164.29904328634
100,0.652421875,8.277128,0.575312499999999,0.59458557128907,2.1195424573652,3.32898738232544,6.73101181214843,164.28086691361,0.791803472960986,1.05832158780289,1.33616342542994,1.87020165857922,4.5914624966827,6.73101181214843,164.28086691361
100,0.609970703125,7.202061,0.528144531249999,0.669552240371711,2.39787128204103,4.83964215292633,6.70080456487984,164.274348722038,0.681895799542665,0.936157544945744,0.771811987828467,2.22159922655042,5.36300928420628,6.70080456487984,164.342897773735
100,0.605048828125,8.42295800000001,0.524282226562499,0.652324392795567,2.62381888174862,10.4148373508484,6.77060030076548,164.289116663941,0.550005370985326,1.00245362811552,0.222348165467086,2.77561316984508,13.0774133357544,6.77060030076548,164.289116663941
100,0.64845703125,6.400225,0.567246093749999,0.659521636962899,2.18137035507948,5.13757262417514,6.66057569340891,164.26535661262,0.677143860908653,1.48624626988625,0.632759867559645,2.10366381818316,8.66458608739826,6.66057569340891,164.369750705212
100,0.642236328125,6.258069,0.557470703124999,0.718521118164069,2.03301404442461,3.0796992473584,6.64448339920784,164.261657078233,0.714383422458999,1.21176081300782,0.95880480563905,1.98127965292277,4.06090423230613,6.64448339920784,164.261657078233
100,0.808349609375,8.70035699999999,0.72666015625,0.66731667518616,1.73871500210493,2.46789657855365,6.76445274257221,164.287856911357,0.850644777966367,1.12324886478802,0.641567405960961,1.68188213972369,2.91915965737172,6.76445274257221,164.287856911357
100,0.594794921874999,7.771157,0.510644531249999,0.708128824234014,2.26064774069292,3.32074425031386,6.6986115824237,164.273867804832,0.584683454656881,1.0811457706172,0.405981247889343,2.26064774069292,3.94499977261057,6.69861158242371,164.273867804832
100,0.526230468749999,11.899088,0.449189453124999,0.593531808853153,2.61431555381804,5.58045939341129,6.86785859275442,164.308049926029,0.584550788624092,1.1687340843746,0.816870107431725,2.4090614176903,8.59341379684868,6.86785859275442,164.308049926029
100,0.602246093749999,8.19313599999999,0.520078124999999,0.675157508850101,2.38139618253038,3.66111932307205,6.75412207585948,164.285722439639,0.687493838678988,1.07260003208466,0.970411443432195,2.27491673753005,4.40500042377364,6.75412207585948,164.735575707
100,0.6975390625,7.920393,0.621455078125,0.578877267837529,2.16984008118617,3.13784245269058,6.72675195641192,164.279959594036,0.651298289678556,1.4078706712838,0.22091329817856,2.20793877494524,5.75167283449098,6.72675195641192,164.279959594036
100,0.68181640625,10.906673,0.60279296875,0.624470367431647,1.90314609568948,3.47822626722237,6.8434671467869,164.303473218654,0.760046180905079,0.997037785788376,0.822126304672166,1.77200765504949,3.65950352458321,6.8434671467869,165.069295107081
100,0.6103125,7.99595100000001,0.539287109374999,0.504460611343387,2.33897202114963,3.95314860926472,6.71169791447873,164.276722045878,0.583673313482183,1.43468158428462,0.20251294654658,2.38495510783039,7.25069718479831,6.71169791447873,164.276722045878
100,0.713193359375,8.974878,0.636767578125,0.58409000396729,1.86924467021243,2.62886082149662,6.77060030076547,164.289116663941,0.676183527276321,1.17610126033482,0.179398010198901,1.92367903608515,4.7435466450248,6.77060030076547,164.289116663942
100,0.719755859375,9.708485,0.641005859375,0.620156250000005,2.02681363664137,3.65927325872375,6.84536467999373,164.303833281881,0.686001722223442,1.30825892280956,0.265826477961164,2.07093764575183,7.89354998626211,6.84536467999372,164.303833281881
100,0.6866015625,10.007071,0.6094921875,0.594585571289066,2.32553481267713,4.58797623075857,6.80474015100655,165.124709799106,0.708277819503113,1.21857159931568,0.613812374480125,2.28592696953987,7.10388156810519,6.80474015100655,171.079880810669
100,0.60935546875,9.82858799999999,0.533886718749999,0.569553222656255,2.2352152843293,4.07325541889034,6.81064567807357,164.297135894051,0.628211039816396,1.15790902539582,0.56320488043277,2.21703346614748,6.90176155987512,6.81064567807357,164.297135894051
100,0.518232421874999,7.987344,0.430322265624999,0.772819557189947,2.18256559278722,4.2545124884201,6.73947746801298,164.282658606872,0.507399851641207,1.04043467617352,0.489555055280868,2.20143351731553,5.09692341445331,6.73947746801298,164.282658606872
100,0.525341796874999,8.298041,0.445771484374999,0.633143463134769,2.74946510185849,5.56920600025837,6.77671029729501,164.290361069302,0.585401105679954,0.983165665240148,0.656839526538202,2.62992887827815,7.28007750019354,6.77671029729501,164.290361069302
100,0.59609375,9.642431,0.514814453124999,0.660632410049446,2.17534203506275,3.99719442724859,6.78681138984597,164.292401727374,0.673737541732528,0.99271282993444,0.887114585019311,2.02753587075559,5.06860810203835,6.78681138984598,164.558148458708
100,0.5723046875,7.25362400000001,0.484462890624999,0.771618127822883,2.05927013036697,5.73847450126502,6.72247387665204,164.279044494667,0.611994504823921,1.17661741962862,0.673591656621445,1.96319835756166,6.60601424425541,6.72247387665204,164.279044494667
100,0.7243359375,7.649712,0.6390234375,0.727822265625006,1.86807399900475,4.17807285131934,6.72888415257397,164.280414220083,0.870366586668473,1.0457094422118,1.38281487313586,1.58212100501853,3.58602767707546,6.72888415257397,167.927003729003
100,0.739990234375,9.71589,0.660625,0.62988404273987,1.98265699321768,3.9986747864442,6.84346714678689,164.303473218654,0.645187130073706,1.19224891145002,0.11319295911756,2.23199779200367,6.62460754766241,6.84346714678689,164.303473218654
100,0.577294921874999,13.961584,0.501826171874999,0.569553222656255,2.42862223290725,3.30374637459606,6.90782757123666,164.315312341869,0.657161478184044,0.799133707386577,0.782868165447499,2.29635821645344,4.24458278917183,6.90782757123667,164.315312341869
100,0.61044921875,7.385911,0.529648437499999,0.652876625061041,2.20159922655042,4.55920872707605,6.70080456487985,164.274348722038,0.637086193586279,1.04673995009673,0.626266078623793,2.16276061418239,5.99060369346517,6.70080456487985,164.274348722038
100,0.713056640625,9.82664499999998,0.63287109375,0.64297219276429,1.99796549119736,3.0923428543878,6.81651653454972,164.29828479551,0.759812698420389,0.881989335646287,0.638566478354743,1.9695952698694,3.51702696266141,6.81651653454972,164.29828479551
100,0.67921875,8.27519700000001,0.601391601562499,0.605706503391272,2.2475466180825,5.22635405776887,6.72675195641192,164.279959594036,0.736542150924127,1.14433799300411,0.740190738807722,2.08049736266922,6.46746718095728,6.72675195641192,164.279959594036
100,0.605595703125,7.442364,0.512285156249999,0.870685815811167,2.21644041700008,5.36452607116482,6.73525359846676,166.835135619987,0.697187754413926,1.22830708659593,1.02753582801732,1.94590119109054,5.99564191955039,6.73525359846676,190.321770338498
100,0.65830078125,9.44341100000001,0.582900390624999,0.568521890640266,2.15913094598224,2.8100926255316,6.77060030076547,164.289116663941,0.759724841171901,0.930741379714918,0.949829881684137,1.98124789338925,4.35056344127939,6.77060030076547,164.289116663941
100,0.6794921875,9.18674999999999,0.6050830078125,0.553672602176672,2.14769708286266,4.32700615261603,6.77671029729501,164.290361069302,0.793706817706252,0.966473585784237,1.02744714948223,1.92978903261469,5.01471819706061,6.77671029729501,164.290361069302
100,0.60662109375,9.428087,0.528076171874999,0.61693047523499,2.06837009852616,3.1079062301919,6.78076298635891,164.291182284578,0.675370068611878,0.995823701506617,0.76287515862978,1.96221194300655,4.01993028617129,6.78076298635891,164.291182284578
100,0.625419921875,13.9078,0.550156249999999,0.566462030410771,2.4419002513572,5.46963299982639,6.94110558968662,164.321141438878,0.728598541331244,0.893025001232765,0.940083753929665,2.12255454633426,5.00360896740396,6.94110558968662,164.321141438879
100,0.731513671875,10.193981,0.6483203125,0.692113504409793,1.97896402776483,3.58491855826911,6.89347755305472,164.312738260615,0.599991286545713,1.34138808885705,0.0609042505368897,2.16521164934895,8.65915216391708,6.89347755305471,164.312738260615
100,0.62767578125,11.063054,0.547626953124999,0.640781488418585,2.31863093133867,3.93834327289935,6.85667488203611,164.305965315148,0.645607345256166,1.2981836281907,0.554500154389886,2.29976300681036,6.66180988333813,6.85667488203612,164.305965315148
100,0.686806640625,8.62478,0.606279296874999,0.648465309143074,2.01439238773259,3.75826793441644,6.78881942197449,164.292804946677,0.77532176594328,0.870715768644923,0.861588023282915,1.88746379142144,3.64290392637674,6.78881942197449,164.292804946677
100,0.706357421875,7.55552099999999,0.622890625,0.696670618057255,2.07832188737157,3.12829681449832,6.68979124215479,164.271922832949,0.6884041296819,1.26236755306214,0.420291735143815,2.09617903022871,4.57349656392732,6.68979124215479,164.271922832949
100,0.666025390625,13.037967,0.592197265625,0.545059204101568,2.33884280694237,2.9737623326217,5.93245501886846,77.5168739490295,0.717913173351622,1.09424644367727,0.710482542144505,2.23619116329377,5.09126906629671,5.93245501886846,74.5080390514667
100,0.67306640625,9.143304,0.597495117187499,0.5711019730568,2.07642653414174,4.53101796666796,6.78881942197449,164.292804946677,0.665712984658371,1.09774795983934,0.263157941461061,2.07642653414174,7.84659176242769,6.78881942197449,164.292804946677
100,0.560957031249999,10.263941,0.480908203124999,0.640781488418584,2.46733425618112,7.88907852120057,6.86228237173244,164.307013448946,0.621069338354466,1.17064213595379,0.886521597123064,2.30537049650669,10.388183774124,6.86228237173243,164.307013448946
100,0.64736328125,9.440653,0.572885742187499,0.554690382480628,2.22587131315336,3.15263700346109,6.78278318837911,164.291590406198,0.61120399475511,1.35559725957272,0.15238113262717,2.26397000691243,5.52666250234754,6.78278318837911,164.291590406198
100,0.6980859375,6.185077,0.619609375,0.615857086181646,1.93027502703431,2.68858188709662,6.67416593074008,164.268434901193,0.657689727291924,1.33078099725369,0.283621575983533,1.99429551778834,4.64535293992489,6.67416593074008,164.268434901194
100,0.72884765625,6.646438,0.645654296875,0.692113504409796,1.99964985145185,3.4509914893321,6.66285359773692,164.328208584629,0.696332633908417,1.31230330237085,0.300833150528474,2.06924138581084,5.07333652530913,6.66285359773692,164.628717185648
100,0.620498046875,5.423769,0.530844726562499,0.803771784305578,2.28921953382958,6.38484715995352,6.59215281666839,164.249206561977,0.690328653290793,0.922019918974527,0.83223820941516,2.19720470111707,6.88618241133327,6.5921528166684,164.249206561977
100,0.64052734375,7.597522,0.563417968749999,0.594585571289068,2.22877677219046,2.87749319941631,6.68757394725458,164.271431193282,0.701971201545977,0.910363369380245,0.623213268371142,2.18836860892515,3.67462885943208,6.68757394725457,164.271431193282
100,0.68291015625,10.066475,0.595,0.772819557189947,2.09019994858274,3.55229465840882,6.81846585228851,164.368381258905,0.792090654287521,1.02119366886548,1.06148005758932,1.90395232699862,4.25110046513802,6.81846585228851,168.829236314807
100,0.595888671874999,8.872814,0.507978515624999,0.772819557189947,2.3161582341287,4.00034754391765,6.75412207585948,164.285722439639,0.713077231151204,1.04957258280479,1.12167718623673,2.09091832957441,5.09178531098776,6.75412207585947,164.285722439639
100,0.65296875,8.143118,0.5792431640625,0.543546202182775,2.26581802921105,2.58592279496751,6.72461520427517,164.279503023066,0.75771347871589,1.03365590090636,1.05741459144038,2.13100299234908,5.4576770153651,6.72461520427517,164.279503023066
100,0.590078125,7.27297,0.515019531249999,0.563379249572761,2.09131473947291,2.63630177474803,6.72032795390526,164.278583996224,0.560333735352048,1.34445172435148,0.228246415509584,2.12671574197917,5.97146371724764,6.72032795390526,165.800050130059
100,0.562050781249999,11.506198,0.488906249999999,0.535012245178227,2.38679796685542,3.7348986593634,6.86600330518484,164.307705716833,0.636938846136268,0.994448532814057,0.786709725323879,2.27239109325875,6.68548351689711,6.86600330518484,164.307705716833
100,0.611953125,10.043791,0.532041015624999,0.638594522476202,2.42431853000165,6.90839465856026,6.86228237173244,165.793249115753,0.663498495587639,1.32660463502963,0.736051047991875,2.32423842103499,12.01480266322,6.86228237173244,178.040581942048
100,0.671630859375,9.515132,0.5985546875,0.534012689590456,2.13450839261621,4.26686879614473,6.78076298635891,164.291182284578,0.6938571939639,1.06291692411092,0.434386119679606,2.11755924007384,6.37127266923116,6.78076298635891,164.291182284578
100,0.7615234375,7.59176800000001,0.683046875,0.615857086181643,1.97510033519598,4.48096747062569,6.76445274257221,164.287856911357,0.663260432873401,1.57790176667789,0.109718043732882,2.20754086734646,10.1408401694147,6.7644527425722,164.409274780435
100,0.625146484375,9.16686899999999,0.551728515624999,0.539019813537602,2.17803651590658,4.26647073836256,6.82429110964928,164.299795903095,0.6367110299304,1.10755546961815,0.315880164952885,2.14442069669754,7.15089817263441,6.82429110964927,164.299795903095
100,0.558564453124999,8.77445900000001,0.481933593749999,0.587228860855106,2.69977196259438,6.09734314357631,6.7582671580309,164.286581525872,0.638148368496185,1.00853323447474,0.83808176881033,2.50472411909452,7.68136512375531,6.7582671580309,164.286581525871
100,0.564648437499999,7.747977,0.485078124999999,0.63314346313477,2.52942558832677,5.89778876142567,6.73101181214843,164.28086691361,0.670344567555611,0.937181182749861,0.982747660800286,2.21219863068176,8.5957585199031,6.73101181214843,164.28086691361
100,0.662265625,6.805286,0.580507812499999,0.668433990478523,2.03978900240221,3.22243727592504,6.70299274868729,164.274827536875,0.6662261659942,1.38808625746505,0.620088483447526,2.03978900240221,5.20922038037757,6.70299274868728,164.274827536875
100,0.587070312499999,6.335857,0.503808593749999,0.693251380920416,2.22716248327887,5.90889340565176,6.66512632500965,164.266392026358,0.661784873409732,1.01413881719022,0.869368856219935,2.05365697022642,5.60971530124999,6.66512632500965,164.266392026358
100,0.587070312499999,9.137095,0.504218749999999,0.686438140869145,2.59638909635393,6.10635858354542,6.82429110964928,164.299795903095,0.666050707473725,1.11111798210408,0.896866791108363,2.3863272679185,9.49926479720708,6.82429110964928,164.434244220875
100,0.573193359374999,9.102863,0.495297851562499,0.606771013736728,2.30975813592631,3.3163488421706,6.76855531099042,164.968338695839,0.626675876484558,1.25378661622345,0.824586327746764,2.21164343576467,5.39094322214786,6.76855531099042,175.114712053829
100,0.654541015625,8.641833,0.575585937499999,0.623390436172494,2.02918984333812,3.50683937477774,6.74158273117087,164.283101820168,0.693980899483294,1.20225949577805,0.709221245629659,1.96715569692897,5.36670316336815,6.74158273117087,165.484145786034
100,0.63984375,8.218158,0.557675781249999,0.675157508850103,2.21572924186626,5.64286509120383,6.772641117092,164.289533157069,0.632748247910954,1.49712359503274,0.445324296057559,2.23459716639456,8.2434454304846,6.772641117092,164.289533157069
100,0.563759765625,9.306772,0.490888671874999,0.531019630432135,2.57105489327034,4.91554202633522,6.77264111709201,164.289533157069,0.591951092210339,0.995911724747999,0.516572341561856,2.51909807815563,6.78793530167021,6.772641117092,164.289533157069
100,0.7467578125,9.067728,0.665478515625,0.660632410049439,2.16439108433087,6.00348123255983,6.81064567807357,164.297135894051,0.79752410523122,0.937112501216419,0.631663012522637,2.02129327069734,7.06816853180618,6.81064567807357,164.297135894051
100,0.7533203125,9.12722,0.67087890625,0.679658546447753,1.97154458760819,2.69225979085826,6.81846585228851,164.298664779474,0.666448048736831,1.49783084561533,0.146118063077228,2.09019994858274,6.88727825967445,6.81846585228851,164.298664779474
100,0.634990234375,7.785889,0.552822265624999,0.675157508850099,2.08688036065627,4.22152985724316,6.73313495439897,164.281317686911,0.671553430752586,1.25013026408129,0.69139408661985,2.02074206656621,5.70629193736078,6.73313495439896,164.281317686911
100,0.673203125,7.87843300000001,0.587890625,0.727822265625006,1.99068422135676,4.36513515066558,6.74995974044714,164.284856186896,0.747608240512328,1.05787322553106,0.869972250922352,1.87545095674094,4.3097010290121,6.74995974044714,164.375285002471
100,0.590419921874999,7.877741,0.504560546874999,0.737183227539068,2.19516990702121,5.12633358540812,6.77060030076547,164.289116663941,0.67346475699191,1.05051130460656,0.926179007906275,2.02670939705971,5.95642191548012,6.77060030076547,164.289116663941
100,0.534912109374999,7.256595,0.449257812499999,0.73366585731507,2.18854162257161,4.01659000261693,6.70735480403829,164.275778914351,0.593853328397165,1.02359214335414,0.692370392267824,2.04415105775322,3.57028050809372,6.70735480403829,164.275778914351
100,0.6215234375,8.64844,0.540654296874999,0.653981790542609,2.23051136029298,4.97767566010625,6.76855531099043,164.288698465623,0.697950903341377,1.0498046556137,0.824154121302225,1.96449702126126,6.77339860209293,6.76855531099042,164.288698465624
100,0.76494140625,5.131369,0.68291015625,0.672912597656254,1.93841647674415,4.02726046929966,6.5674296911765,164.243093924406,0.7183449438745,1.60562640769107,0.131443228503749,2.04861650970983,7.1656770176135,6.56742969117651,164.243093924406
100,0.802060546875,9.41962099999999,0.72556640625,0.58513535499573,1.81031807506435,2.44541866935802,6.82429110964928,166.846042549816,0.772802155941919,1.33194629337232,0.356952660048415,1.90977758435939,4.75174791576244,6.82429110964928,169.248748009069
100,0.665,7.042126,0.574697265625,0.815458383560187,1.97385943530858,3.46492149819279,6.73313495439896,164.281317686911,0.691148295020895,1.3157043840178,0.582536461860546,1.88621368971864,5.13354514351026,6.73313495439897,164.971326344499
100,0.604091796874999,8.73374400000001,0.523496093749999,0.649566736221318,2.36124864910484,4.60267668300884,6.75619676465616,164.286152872999,0.572794382695377,1.03564867149653,0.301442260907275,2.40619814405433,5.63028957778475,6.75619676465615,164.286152872999
100,0.61865234375,9.542403,0.541132812499999,0.600927772521979,2.29561409964513,3.79318788993197,6.79481943797455,164.294004956277,0.6161226323241,1.14492172860461,0.419073850627342,2.29561409964513,5.67367579601009,6.79481943797455,164.294004956277
100,0.641142578125,7.511849,0.562802734374999,0.613713111877449,2.26064774069291,5.06258989622145,6.6986115824237,164.273867804832,0.658566265285707,1.33521491707536,0.513123963134264,2.19940624409428,8.12480513444886,6.6986115824237,164.273867804832
100,0.719208984375,9.68626399999999,0.639775390625,0.63096958160401,1.97427238663817,2.41389469559639,6.79282342999053,164.293606551489,0.716075168368183,1.24606370879461,0.438918832531101,1.97427238663817,3.82762241313223,6.79282342999052,164.293606551489
100,0.626650390625,10.836225,0.555283203124999,0.509327545166018,2.28818139492862,4.88573956433782,6.82622534562607,164.563741151603,0.615868950694498,0.855461188684962,0.37875136248258,2.34702000729664,7.60970660544322,6.82622534562607,165.031564331701
100,0.832958984375,7.877801,0.74880859375,0.708128824234016,1.86807399900475,4.51164231580989,6.72888415257396,164.356570459638,0.806756669573489,1.14733588134316,0.343767267697475,1.96960863348358,6.60667778168773,6.72888415257397,164.356695810197
100,0.594248046875,6.645578,0.492119140624999,1.04303134918214,2.08280090982523,5.90115979623812,6.67641312175132,164.268939887938,0.745883222450632,0.892626406885409,1.28646147234225,1.80190433804512,4.4425640902209,6.67641312175131,164.268939887938
100,0.6608984375,5.549393,0.574082031249999,0.753708839416515,2.16564954587087,4.25510473648169,6.58233679185698,164.246797685266,0.695388114023958,1.3779331148724,0.616430907373903,2.10313145352755,5.46264621897139,6.58233679185698,164.246797685266
100,0.58611328125,8.25077800000001,0.506542968749999,0.633143463134771,2.19721020063373,4.54114607346413,6.75412207585948,164.285722439639,0.775035925083911,0.98027163545649,1.40614172654927,1.7641019959504,4.75076923896651,6.75412207585948,164.285722439639
100,0.613662109375,8.147185,0.532724609374999,0.655087890625005,2.12842318322711,4.11442387180732,6.7746777769698,164.289947955415,0.672978210018957,1.41690833055115,0.945864273890655,1.94184101933174,6.63673188548664,6.7746777769698,164.289947955415
100,0.86064453125,7.414523,0.771640625,0.792169532775885,1.70631792406298,2.60411367685364,6.743683571507,164.374611039674,0.853525354197139,1.3040433721486,0.417184320991097,1.70631792406298,3.77108844724452,6.743683571507,165.32311114924
100,0.550908203124999,9.780755,0.469150390624999,0.668433990478522,2.29203867913272,3.69743373825567,6.83008262983018,164.30091396274,0.609402270752743,0.933325340566001,0.756898729848276,2.20106941539782,5.19281110616165,6.83008262983017,164.30091396274
100,0.60388671875,9.118845,0.517070312499999,0.753708839416511,2.07262563084395,4.1766716044258,6.81651653454972,164.29828479551,0.652501977426188,1.17502883835724,0.743266670007019,1.99796549119736,4.57058107528355,6.81651653454972,164.29828479551
100,0.675390625,8.14906900000001,0.596845703125,0.61693047523499,2.11553494857586,4.01597001280671,6.77873869486094,164.290772508971,0.632403663849595,1.1957726287051,0.222586318111687,2.20330830111666,5.91544531921505,6.77873869486093,164.290772508971
100,0.614345703125,7.407259,0.521171874999999,0.868136224746714,2.12925394359855,5.39092101263616,6.7582671580309,164.348857598798,0.710715368030144,1.07880350643388,1.02461322766382,1.85691152747785,5.23834545082237,6.7582671580309,168.8451171745
100,0.813681640625,8.412169,0.730078125,0.698954782485964,1.71297398032961,4.09638995299279,6.82815584755657,170.114119100284,0.855583011543321,1.32776078630823,0.77156672442054,1.60174929576985,5.3932844717761,6.82815584755658,173.148944727078
100,0.571142578124999,8.29207200000001,0.488222656249999,0.687571344375617,2.20342139850763,6.51046572898521,6.76033327373338,164.287008409281,0.608594404667551,1.21483657102587,0.671642200179754,2.16672106180729,8.88005237770793,6.76033327373337,164.287008409281
100,0.580781249999999,8.884033,0.495878906249999,0.720840797424323,2.19721213119372,5.93404087740696,6.82622534562607,164.300170029976,0.646287101737824,0.920743930332031,0.678821382942745,2.0979594419203,6.23232452764811,6.82622534562607,164.300170029976
100,0.662265625,10.935427,0.5876171875,0.557238922119145,2.06919513383592,3.27735715048394,6.85854754121214,164.306316000387,0.711810241765551,1.02761938063042,0.673773040176987,1.9571919106591,4.80149569991819,6.85854754121214,164.306316000387
100,0.6278125,6.73256800000001,0.546396484374999,0.66285676002503,2.07136782027838,2.44465547898802,6.64679821402265,164.262192914996,0.559597386575489,1.46451854997397,0.209214437080209,2.1087542633252,3.36125156439137,6.64679821402265,164.321248521721
100,0.63123046875,7.49466300000001,0.544414062499999,0.753708839416509,1.92932101442255,4.09049183947776,6.74787205777491,164.284420345003,0.693913381013352,1.41295024288232,0.835283577456631,1.80755100667749,5.66248893705952,6.74787205777491,164.34272952737
100,0.680927734375,7.646603,0.605458984375,0.569553222656253,2.09805936229854,3.23443338825144,6.70952871708177,164.276251504143,0.719262638179238,1.32228586807888,0.76536767413705,1.981262813376,5.00095472117905,6.70952871708177,164.276251504143
100,0.543798828124999,9.377987,0.463749999999999,0.640781488418585,2.29770335308304,3.78776469230998,6.81651653454972,164.29828479551,0.580219309090459,0.964042142000722,0.611337258433328,2.24108614080545,5.57123420975956,6.81651653454972,164.29828479551
100,0.6729296875,6.85655200000001,0.586933593749999,0.739532814025888,2.10059892512801,5.122922447475,6.69421113705409,164.272899607688,0.672375562080644,1.09493251185868,0.573578069460923,2.10059892512801,6.46897303747217,6.69421113705409,164.272899607688
100,0.690498046875,10.93775,0.609765625,0.651772394180303,2.18190125381388,4.27083668327127,6.82815584755658,164.300542713747,0.65751722259244,1.04104617291862,0.375606619654386,2.23454363563049,5.91053329340804,6.82815584755657,164.457135359456
100,0.73349609375,9.097772,0.65720703125,0.582002105712892,2.03354791090014,3.51237575069435,6.79282342999052,164.293606551489,0.8006050579279,1.10947109386235,0.842479803124096,1.82734415104501,4.64704952983262,6.79282342999052,164.293606551489
100,0.68783203125,10.046376,0.6007421875,0.758464088439946,1.89048786784138,3.87784389268359,6.8434671467869,164.303473218654,0.720198681559145,1.00461639945601,0.643496166629336,1.82949411220197,4.73202420882347,6.8434671467869,164.303473218654
100,0.667734375,7.02587,0.574902343749999,0.861778602600103,2.13952274247288,4.27531824206512,6.73313495439896,164.281317686911,0.744889386508908,1.51022605832485,1.13528050621324,2.06993120811389,6.46623137443829,6.73313495439896,164.596981828405
100,0.640869140625,6.666214,0.564238281249999,0.587228860855108,2.32466902366192,6.30835828945383,6.65141183031026,164.263257189174,0.626204459983852,0.971748686921493,0.283924200147376,2.34847854747145,8.57797150456165,6.65141183031026,164.263257189174
100,0.518027343749999,12.23948,0.445156249999999,0.531019630432134,2.31985221346207,5.46432807349161,6.89528260720634,164.385198615355,0.50935144059425,1.15182222117607,0.32431996313759,2.31985221346207,8.92047823925514,6.89528260720634,164.381065984081
100,0.711552734375,8.51182899999999,0.629794921875,0.66843399047852,1.90569597709334,3.17003537586892,6.76650613066256,164.288278551622,0.695367025040942,1.06595324768442,0.395717584970871,1.9479550873102,4.41631335059856,6.76650613066256,164.288278551622
100,0.530058593749999,9.280481,0.453769531249999,0.582002105712894,2.33602226291044,3.36544864468696,6.79481943797455,164.294004956277,0.598474419485931,1.0106373429796,0.810313018481854,2.23790756274881,4.35266294453884,6.79481943797455,164.294004956277
100,0.666845703125,8.03856300000001,0.5859765625,0.653981790542609,2.08043054215777,5.88853592448209,6.79282342999052,164.293606551489,0.724541832634777,1.07320774665809,0.687584893719745,1.95998667235245,7.131200517608,6.79282342999052,164.357719875558
100,0.485283203124999,8.72504500000001,0.404277343749999,0.656194925308233,2.44910979094166,5.24761131257854,6.75204307378048,164.285290214674,0.55568252717448,1.31665361110917,0.855243982654948,2.17661268003621,7.13345524964196,6.75204307378047,164.285290214674
100,0.485761718749999,7.947797,0.401816406249999,0.704681549072272,2.57956287906484,7.44362556155874,6.75412207585948,164.285722439639,0.604859224356923,1.14358132998572,1.27566095868866,2.21607812516203,9.0777358033321,6.75412207585947,164.285722439639
100,0.755234375,5.644769,0.65994140625,0.908074989318848,2.01788823630899,3.389131302805,6.61150044823507,164.25388584125,0.872653949460127,1.00313589448888,1.07210744329496,1.85222492914469,3.47571474414646,6.61150044823507,164.25388584125
100,0.700341796875,8.041873,0.6234375,0.591427087783817,2.1801334655734,3.03754473585152,6.71817741627085,164.278121515012,0.686807145647548,1.3288531296113,0.390387208356592,2.1801334655734,4.75821920972126,6.71817741627085,164.278121515012
100,0.570322265625,9.637634,0.495537109374999,0.559281959533698,2.52224062946539,5.96712643319286,6.80078366840177,164.295190694221,0.615657637188545,1.08118968600543,0.655300060181775,2.38409642241566,8.51477421082087,6.80078366840177,164.295190694221
100,0.68291015625,8.291572,0.610244140625,0.528034982681277,2.41483992452253,3.87481208704318,6.74158273117087,164.283101820168,0.746872047179888,1.22835559765164,0.770022982785434,2.36885683784177,6.95013360959721,6.74158273117087,164.283101820168
100,0.6510546875,9.05558799999999,0.562460937499999,0.784885253906258,2.12025267897503,4.28938597731754,6.81651653454972,164.29828479551,0.732606566531002,1.13682882370713,0.991991180452816,1.95570638098051,5.02317275328157,6.81651653454971,164.29828479551
100,0.698017578125,6.785328,0.61728515625,0.651772394180304,2.06009846895889,2.72684280255782,6.65371068088497,164.26378566057,0.677535684677256,1.2571454201812,0.342711238002229,2.0782802871407,4.12656666356895,6.65371068088498,164.26378566057
100,0.647978515625,7.183831,0.559042968749999,0.790953149795543,2.23032337875235,4.27234943285946,6.70952871708177,164.276251504143,0.668726735775658,1.16049944309589,0.684759117715145,2.17148476638432,5.47470837207109,6.70952871708177,164.276251504143
100,0.67771484375,7.993422,0.6029296875,0.559281959533695,2.12886166472595,4.0995128849341,6.72247387665204,164.279044494667,0.654800964678125,1.48588822948725,0.319447814729671,2.16556200142629,7.34490523541035,6.72247387665204,164.279044494667
100,0.646953125,10.867207,0.57462890625,0.523079261779789,2.06694982653569,2.98318492457147,6.82622534562607,164.300170029976,0.589930058776035,1.0974517025616,0.224961047549816,2.0979594419203,4.16382844496406,6.82622534562607,164.300170029976
100,0.494990234374999,6.993283,0.409199218749999,0.736009836196906,2.58040159197827,6.61762903344733,6.6986115824237,164.273867804832,0.565401252199012,0.83442351838776,0.753723799242635,2.39567829958489,6.53929306542733,6.6986115824237,164.273867804832
100,0.68455078125,9.39269,0.603955078125,0.649566736221318,2.10089257340717,2.1925876575321,6.78076298635891,164.291182284578,0.69668410202249,1.03161495630644,0.463097800567378,2.08449913078422,3.02080821805967,6.78076298635891,164.291182284578
100,0.556718749999999,9.483484,0.480566406249999,0.579917945861822,2.25876751914962,4.36486250913562,6.79681146984706,164.294401775375,0.57110250742276,1.00425543166247,0.484668436203311,2.23989959462131,6.17130912725382,6.79681146984707,164.294401775375
100,0.816142578125,7.287303,0.7347265625,0.66285676002503,1.70204920927213,2.98654265317319,6.71602224385706,168.602223360234,0.707672769325154,1.68406956171259,0.0972715940581289,1.91196395412789,6.42024858629283,6.71602224385706,168.734622523002
100,0.601904296874999,7.026848,0.522470703124999,0.630969581604006,2.11314584949194,3.93762263313903,6.72461520427517,164.279503023066,0.668216471771961,1.22162593004553,0.819231237991528,2.01222231644241,6.14598955030301,6.72461520427517,166.602654655536
100,0.6576171875,10.754325,0.5816015625,0.577837524414068,2.36805328105824,4.21672687067247,6.84725861938766,164.304191982524,0.619717201838142,0.936217588675013,0.191751746070564,2.40929477765688,5.54130266148373,6.84725861938767,164.304191982524
100,0.60798828125,9.12004899999999,0.529921874999999,0.60943637847901,2.26075559072019,3.87027975649425,6.79879954141764,164.294797018232,0.673469290046887,1.16468244309047,0.779919304232313,2.10253568584295,5.72962861085609,6.79879954141764,164.294797018232
100,0.7232421875,8.473609,0.64873046875,0.555199623107914,2.18106556504372,4.69812718752574,6.7746777769698,164.289947955415,0.718456792207355,1.60069301782666,0.308109071112365,2.18106556504372,10.4468710401893,6.7746777769698,164.289947955415
100,0.76767578125,11.046741,0.69767578125,0.490000000000001,2.19721295380558,4.7322347029887,6.86041670009065,164.393125821021,0.781481733601746,1.39266898797965,0.469135301506085,2.19721295380558,9.50531283178498,6.86041670009065,170.922878241444
100,0.610380859375,7.694251,0.528383789062499,0.672351953983311,2.46678491496889,4.2309863043577,6.72032795390526,164.278583996224,0.680509759278956,0.920280910486629,0.835188818716343,2.39358514725692,5.25900162229861,6.72032795390526,164.278583996224
100,0.70916015625,6.595892,0.62890625,0.644068946838383,2.06009846895889,5.12991161006966,6.65371068088497,164.577797031535,0.765655438093523,1.05508840622412,0.797587989781035,1.90981977717921,5.94926467166263,6.65371068088497,171.334505144686
100,0.709296875,6.776776,0.62876953125,0.648465309143071,1.92451000926701,3.11764798927073,6.71386241664324,164.27719055284,0.771956807472936,1.50561376760399,0.84992141257582,1.89531137329088,6.41150911748309,6.71386241664323,164.348356440802
100,0.659462890625,10.292431,0.580712890625,0.620156250000007,2.05528789045934,3.51714037878313,6.81456340954972,164.297903325783,0.661816724634286,0.937567600763448,0.45010898552049,2.05528789045934,4.83375061573368,6.81456340954971,164.297903325783
100,0.59021484375,7.656226,0.516386718749999,0.545059204101568,2.33606369659711,4.08803977424697,6.73101181214844,164.28086691361,0.683437807700227,1.06526727229822,1.01904125602521,2.19296786145099,5.08977819197578,6.73101181214844,164.28086691361
100,0.7445703125,5.691297,0.65966796875,0.720840797424319,1.82128658884528,3.05704355744779,6.63983763219764,164.260577919222,0.750615649488507,1.5078776882084,0.464905906469884,1.82128658884528,4.84960384104184,6.63983763219764,164.260577919222
100,0.61427734375,8.123377,0.533749999999999,0.648465309143072,2.11100452186881,2.84022083772712,6.72247387665204,164.279044494667,0.623310213671108,1.09232315341864,0.64257537938915,2.11100452186881,3.75852616374952,6.72247387665204,164.279044494668
100,0.563007812499999,8.796393,0.477148437499999,0.737183227539068,2.39987132242323,5.48278055664649,6.79481943797456,164.294004956277,0.604093409901569,1.03396921783471,0.697839182116688,2.27600625650788,6.52094323076809,6.79481943797456,164.444108979527
100,0.63615234375,8.450703,0.559931640624999,0.580959558486943,2.26027212968355,4.12449510855279,6.73947746801297,164.282658606872,0.744960862444875,0.966797589899377,1.04682319598253,1.98020194892259,4.88270009668854,6.73947746801297,164.282658606872
100,0.619404296875,8.09073200000001,0.536108398437499,0.693820669651036,2.2581624250422,3.41827685487174,6.73736776337162,164.282213521504,0.645714124602508,1.15440794401969,0.612508976962821,2.2381624250422,4.9481264868681,6.73736776337162,164.388702747792
100,0.743408203125,6.162585,0.66376953125,0.634231805801393,1.76603826815275,2.72734653444969,6.66739389870579,180.492696366936,0.684558037495719,1.35893947438748,0.342492762930058,1.86333560897663,5.62457213925177,6.6673938987058,177.951931265572
100,0.7451171875,9.330805,0.6767236328125,0.467767832279209,2.21979842206926,3.45345463687283,6.77671029729501,164.290361069302,0.684279294391582,1.4193042459712,0.0848151714634067,2.29750495896559,8.10163580076473,6.77671029729501,164.383250240185
100,0.596982421875,8.80705799999999,0.515429687499999,0.665084848403934,2.22228932303593,4.05699395216729,6.76033327373338,164.287008409281,0.644920396248389,1.04910660130633,0.812084096322452,2.18490287998911,5.42792801015445,6.76033327373338,164.287008409281
100,0.639638671875,8.281162,0.555488281249999,0.708128824234014,2.01540225787942,4.89490688798932,6.77467777696981,164.289947955415,0.720373574696233,1.1018228183859,0.847919768510709,1.84717723869291,5.39234588365273,6.77467777696981,164.289947955415
100,0.69056640625,7.13893899999999,0.603203125,0.763234291076667,1.91294324992763,3.96091259357659,6.74578000756571,164.283982677595,0.656836111867726,1.47904839149656,0.292805470202038,1.98650448847532,7.19344078169577,6.7457800075657,164.283982677595
100,0.751953125,8.82927300000001,0.663701171875,0.778840723037722,1.85687384620764,5.36969411311891,6.82235312515316,164.299420324704,0.783459011105222,1.15900112994358,0.60452185130248,1.79661538468588,6.51828362953772,6.82235312515316,164.417087230858
100,0.70779296875,10.146385,0.628427734375,0.629884042739875,1.95156337962707,4.11262642862404,6.85291901018011,164.305259985856,0.723279800727554,1.03838783092351,0.536563631465308,1.87509405222225,5.15929393883214,6.85291901018011,164.305259985856
100,0.699111328125,8.484448,0.6206689453125,0.615320742130284,1.97344502353301,2.07323027371898,6.74787205777491,164.284420345002,0.66613830648872,1.30056234911265,0.279696637211229,2.01960615406914,3.13243366039357,6.74787205777491,164.284420345002
100,0.498886718749999,7.96819500000001,0.418496093749999,0.646265258789067,2.14704348290777,3.55061170514338,6.72247387665204,164.279044494667,0.554397392744226,0.990921946302316,0.734886439251571,2.09346066221969,4.43401277904777,6.72247387665204,164.279044494667
100,0.694052734375,7.269017,0.620634765625,0.539019813537599,2.01326486150708,3.84149711549687,6.70952871708177,164.276251504143,0.6935650546937,1.2456818421049,0.397129097190751,2.01326486150708,6.49821299673075,6.70952871708177,164.276251504143
100,0.674912109375,10.57534,0.5988623046875,0.578357279300695,2.19531141235979,4.67062631401514,6.84156600610249,164.303111785064,0.731433631926648,0.993290833921515,0.746402162641589,2.11330010239672,6.47131544006114,6.84156600610249,164.303111785064
100,0.6144140625,9.584477,0.534023437499999,0.646265258789069,2.1453021505278,4.7634007318187,6.84156600610249,164.303111785064,0.67723952401407,1.13130606514552,0.84039605205851,2.02301496275013,6.02260568025247,6.84156600610249,164.303111785064
100,0.6040234375,7.59774200000001,0.529853515624999,0.550117731094364,2.21465707831381,2.9555516152041,6.71386241664324,164.27719055284,0.644852377039638,1.17199937823337,0.752841503038578,2.15695054141749,4.69320296752734,6.71386241664324,164.468936317569
100,0.626650390625,7.642334,0.551455078124999,0.565433502197269,2.06519792262174,3.45366717775337,6.69421113705409,164.272899607688,0.628592255409897,0.900285554877459,0.440959154104838,2.06519792262174,4.46227214529568,6.69421113705409,164.272899607688
100,0.510097656249999,5.77307800000001,0.415214843749999,0.900274810791021,2.36898039564901,5.73599920490455,6.67191367848782,164.267927637173,0.555978532344517,1.16703506463665,0.860727620794118,2.21311650342371,6.91760469258029,6.67191367848783,164.267927637173
100,0.65748046875,8.745952,0.571142578124999,0.745423135757453,2.04073022245395,5.95977296341168,6.83008262983017,164.30091396274,0.760127327758654,1.23506615154124,1.13806356568403,1.82801435715001,5.83017992421257,6.83008262983018,164.30091396274
100,0.64326171875,9.808673,0.569160156249999,0.549104156494145,2.12091325545003,3.9291498874543,6.80078366840177,164.295190694221,0.600619038782393,1.05480156431925,0.233050350702348,2.24387179317602,7.33625112499344,6.80078366840177,164.295190694221
100,0.63013671875,6.802161,0.543388671874999,0.752522363662726,2.27696556293651,5.53094554484688,6.67191367848783,164.267927637173,0.715117469058112,1.08695920660965,0.985410796606615,2.04290046405547,6.66400650702368,6.67191367848783,164.267927637173
100,0.70505859375,7.767046,0.621796875,0.693251380920416,2.32648890084142,4.16512928216135,6.7644527425722,164.287856911357,0.802881927585199,1.28754289084804,1.16216598518286,2.11819814882951,6.95416228779135,6.76445274257221,164.287856911357
100,0.679423828125,8.030928,0.597255859374999,0.675157508850105,1.94392999743734,4.20022571663385,6.80474015100655,164.295973382716,0.626080122180701,1.30716301945506,0.226795878979383,2.03031311676465,7.00554478174147,6.80474015100655,164.295973382716
100,0.591513671874999,7.615051,0.512421874999999,0.62555123329163,2.36083114060624,3.58798647951158,6.68757394725458,164.271431193282,0.597968032971047,1.02620269131796,0.346756119869126,2.33757532665275,4.17771932053241,6.68757394725458,164.271431193282
100,0.61892578125,11.164801,0.542910156249999,0.577837524414068,2.23814848936948,4.44376635535438,6.88440308311218,164.311091329671,0.67507500775115,1.05701932891993,0.706269664033542,2.15613717940641,5.97814192448716,6.88440308311218,164.311091329671
100,0.617421875,7.282834,0.532177734374999,0.726656351089484,2.06760782290054,3.71574304122049,6.71386241664324,164.38131859397,0.732871310697183,1.06121718921153,1.13264930922668,1.85305226307402,4.30855346161327,6.71386241664323,166.138400507306
100,0.507636718749999,6.241898,0.425195312499999,0.679658546447759,2.54963236120904,8.43401354621628,6.6964137802259,164.273384771382,0.614357848238259,0.979339048197127,1.01967467250684,2.17760059875922,9.93573131833806,6.69641378022589,164.273384771382
100,0.609833984375,11.151013,0.534912109374999,0.561328735351566,2.04886072045095,3.99780554784901,6.85291901018011,164.305259985856,0.577962091936896,1.13685247113418,0.247498303117159,2.07849197593821,7.05593131677191,6.85291901018012,164.305259985856
100,0.660078125,8.872951,0.578935546875,0.658411798477177,1.99601236619736,7.9692301819648,6.81456340954971,164.297903325783,0.669138188801416,1.07021363329709,0.491470901669051,1.99601236619736,12.2472677428237,6.81456340954972,164.297903325783
100,0.719619140625,8.997654,0.6422705078125,0.598281099796299,2.07039030054636,5.94775417895,6.78278318837911,164.291590406198,0.751071196462568,1.10609026419502,0.509423800320599,1.96423214502675,7.47989092413275,6.78278318837911,164.291590406198
100,0.692822265625,7.73084,0.60962890625,0.692113504409796,2.2259708164714,3.72506959220517,6.70517615480082,164.275304263101,0.69415178416896,1.31814485450002,0.525503611834099,2.22597081647139,5.59385006554402,6.70517615480082,164.275304263101
100,0.739169921875,8.92054000000001,0.664111328125,0.563379249572754,2.00815217007471,2.93709046518424,6.75204307378047,164.285290214674,0.654003724693632,1.21219041912167,0.0455297828297603,2.08883932749541,6.36760497137837,6.75204307378047,164.374828337722
100,0.779228515625,6.84102,0.69630859375,0.687571344375614,1.93027502703431,4.09838062428477,6.67416593074008,164.268434901194,0.792592375838056,1.36460898611725,0.614242522700356,1.89973889649818,5.73690314574915,6.67416593074008,164.429586690085
100,0.66171875,7.25984,0.583583984374999,0.610504159927375,1.98841167704709,4.12661699377171,6.70080456487984,164.274348722038,0.617866802252605,1.06100947114578,0.260414915739875,2.03760081859477,6.15969846674317,6.70080456487984,164.274348722038
100,0.535527343749999,10.156325,0.461494140624999,0.548091516494756,2.46064705747174,4.04333909275545,6.81064567807356,164.297135894051,0.68902862639362,1.06280722125592,1.37845287214629,2.25373380284782,5.97984353841293,6.81064567807357,164.297135894051
100,0.622548828125,11.19266,0.550224609374999,0.523079261779789,2.171165358057,3.38792036830494,6.85103577100874,164.304905326879,0.618345936921233,0.876466164081884,0.334073155897464,2.20478117726604,4.54119226545953,6.85103577100874,164.304905326878
100,0.816552734375,7.863167,0.73390625,0.683044137954717,1.67155147301096,2.99788680102722,6.75412207585948,164.285722439639,0.677481742924555,1.40986665481661,0.0416626491976461,1.92128531822141,5.73315112478659,6.75412207585948,164.285722439639
100,0.650576171875,8.67341,0.572099609374999,0.615857086181646,2.20563962080955,3.48900762132483,6.743683571507,164.28354317318,0.617578491454123,1.28936788381151,0.311376808509742,2.26447823317758,5.54608420218541,6.74368357150701,164.28354317318
100,0.546396484374999,7.17607699999999,0.462314453124999,0.706978797912603,2.46893083771567,9.17532573278064,6.72247387665204,164.279044494667,0.56848891377708,1.08990200613022,0.590565948796567,2.24326853832262,11.2795388676249,6.72247387665204,166.417934411965
100,0.7407421875,7.740215,0.65583984375,0.720840797424319,1.8974712005047,3.41578332738158,5.71602224385706,78.5894196104773,0.764400396400816,1.65727267144774,0.661839544431304,1.86910097917673,6.15193705512976,5.71602224385706,75.9461901472479
100,0.525273437499999,8.312051,0.447617187499999,0.603049316406255,2.53449311610813,5.65363256840204,6.76239512940348,164.287433534162,0.600765084697166,0.82010342710777,0.699337692150349,2.34570788341738,5.9707014416953,6.76239512940348,164.287433534162
100,0.664453125,8.60476899999999,0.583037109375,0.66285676002503,1.91386762340059,4.69053715827336,6.77467777696981,164.289947955415,0.608981705874439,0.972084242515103,0.222825180357519,2.09480736401807,6.98099882749126,6.7746777769698,164.289947955415
100,0.618173828125,11.202346,0.538330078124999,0.637502441406255,2.35362528409325,6.45915292907009,6.8916692347907,164.31241125912,0.637313010671098,0.953515258171761,0.487112976970333,2.31623884104643,8.18467811393282,6.89166923479071,164.31241125912
100,0.691865234375,8.716516,0.611748046875,0.641876373291017,2.04437521338624,3.40771361406755,6.77264111709201,164.289533157069,0.60701303561894,1.03337871722536,0.121417868510093,2.14362790265965,5.05469236220456,6.77264111709201,164.289533157069
100,0.633486328125,8.05528300000001,0.550976562499999,0.680786142349249,2.07192282252815,3.06672529769508,6.71817741627085,164.278121515012,0.68173871783802,1.00498787086398,0.729997475417303,2.03830700331911,3.45556627178708,6.71817741627085,164.338012965532
100,0.72091796875,7.261049,0.63984375,0.65730289459229,1.93161598493414,4.96515440505464,6.7644527425722,164.287856911357,0.822200990518842,1.24704411712851,1.13521979264346,1.72708709512818,6.85805332215964,6.7644527425722,164.287856911357
100,0.556992187499999,8.19403099999999,0.473457031249999,0.697812232971198,2.01435906857917,3.2424473392308,6.72675195641192,164.279959594036,0.669222011342833,1.03082201214254,1.1021583584205,1.8798306917316,3.52755640382822,6.72675195641192,164.449837890479
100,0.525615234374999,7.755118,0.441191406249999,0.712738275527959,2.28848890881471,3.24062426347129,6.70517615480082,164.275304263101,0.639587229388002,1.03070121086948,1.08284597989941,2.09370680001759,4.90605618939349,6.70517615480082,164.275304263101
100,0.630546875,8.607407,0.552070312499999,0.615857086181646,2.20735279463484,4.86034510833697,6.78278318837911,164.421251871426,0.595502372924606,1.03064659922228,0.313714087129881,2.28357785004969,6.61429677714855,6.78278318837911,164.291590406198
100,0.6701953125,7.88207000000001,0.5985546875,0.513237915039064,2.27805840212627,4.41210710494342,6.71602224385706,164.277657038199,0.555349497574616,1.23143755353866,0.0273601499335231,2.59781225341163,8.22953027417084,6.71602224385706,164.277657038199
100,0.779228515625,5.66916100000001,0.696240234375,0.68870548248291,1.77360177331604,2.02778917988658,6.59215281666839,164.249206561977,0.765909562907656,1.65134927344068,0.406050130120729,1.78809452693922,3.86515132084333,6.59215281666839,164.249206561977
100,0.440234374999999,9.795728,0.358818359374999,0.66285676002503,2.77351051131673,6.16025393326229,6.83200570675324,164.301283785225,0.536038215618511,0.929585535802631,0.933622696586968,2.52907242391444,8.43386711291317,6.83200570675325,164.301283785225
100,0.715380859375,8.779958,0.633486328125,0.670671424865727,1.87630990470063,1.94710336511199,6.79082342999052,164.293206551489,0.748621105394048,1.16839346392847,0.662030325974025,1.86332289171362,3.00410190709341,6.79082342999052,164.293206551489
100,0.65228515625,8.779561,0.575585937499999,0.588277015686043,2.25586459550313,3.73431238676775,6.7746777769698,164.289947955415,0.747166250916715,1.00027397301584,0.962913676218798,2.09480736401807,5.95050656848747,6.77467777696981,164.289947955415
100,0.673203125,8.89733699999999,0.59705078125,0.579917945861822,2.08252471645175,3.50675733935689,6.76239512940348,164.287433534162,0.702173916451198,1.01516800066327,0.522882796320084,2.01850422569771,4.79198623795765,6.76239512940348,164.287433534162
100,0.701640625,7.72066700000001,0.61810546875,0.697812232971198,1.79925141813502,3.89988497857919,6.72675195641191,166.610910297912,0.659843076932451,1.44650180518432,0.225433099804731,1.89391519877385,7.4636228734311,6.72675195641192,166.198316482279
100,0.738212890625,8.044522,0.6592578125,0.623390436172487,2.10885859912203,3.81711225473466,6.72032795390526,164.278583996224,0.707866661851214,1.22847139966148,0.425367155002887,2.18228400320781,5.6816810987742,6.72032795390526,164.278583996224
100,0.617490234375,7.916245,0.539082031249999,0.614784631729129,2.15132156266765,3.47474964025045,6.72675195641191,164.279959594036,0.670194682395817,0.895981208012146,0.648455161059551,2.11528260162869,4.17047024759271,6.72675195641192,164.279959594036
100,0.6521484375,8.28474,0.566904296874999,0.726656351089488,2.21399912308303,3.96034234687372,6.75204307378047,164.285290214674,0.696496740685818,1.35934443266701,0.867820744671071,2.05577921820579,5.85943270199954,6.75204307378048,164.285290214674
100,0.62083984375,7.306718,0.540859374999999,0.639687538146979,2.05856073282223,2.46702749932036,6.68757394725458,164.271431193282,0.609336789924911,1.17416932962049,0.323264125754469,2.05856073282223,3.56919161091511,6.68757394725458,164.271431193282
100,0.593222656249999,7.60521399999999,0.511874999999999,0.661744117736821,2.47107216533879,7.04085519195886,6.72461520427517,164.279503023066,0.662321731383802,1.07027145249133,0.845132832094998,2.26581802921105,8.92478042077566,6.72461520427517,164.279503023066
100,0.755166015625,6.761551,0.6712890625,0.703534326553346,1.8197023533479,2.96231456513306,6.69421113705409,164.272899607688,0.80994072778015,1.53687801873655,0.763563734766303,1.72873185810858,4.54062187528774,6.69421113705409,164.272899607688
100,0.7451171875,5.899688,0.661923828125,0.692113504409791,2.14656407298149,3.98551641435846,6.62576941131091,164.257279285681,0.722126565875865,1.46574131123643,0.27396231616226,2.18780556958013,6.15968829991543,6.62576941131092,165.076829731032
100,0.6685546875,11.298545,0.591445312499999,0.59458557128907,2.19340665045503,2.67684771554667,6.83966124419772,164.302748973272,0.659798932396855,1.18901466422432,0.308807122019775,2.19340665045503,4.14698721782209,6.83966124419772,164.302748973272
100,0.593564453125,9.985785,0.515429687499999,0.610504159927372,2.28961408364507,5.5135137680277,6.78881942197449,164.292804946677,0.640825295469907,0.821890521182553,0.582376199178529,2.21338902823022,5.93317968475665,6.78881942197448,164.292804946677
100,0.607099609375,6.48352199999999,0.523145751953124,0.704825017601259,2.02565908474513,3.11073457527381,6.67191367848783,164.267927637173,0.699587857341611,1.30303816050911,1.10533119445422,1.91263815939744,3.97193453006645,6.67191367848782,164.267927637173
100,0.611474609375,8.089276,0.523769531249999,0.769218072891242,2.13652859463641,4.28245104823913,6.78278318837911,164.291590406198,0.586149343705475,1.12528795532207,0.464060687793387,2.17131383359588,6.00717746734311,6.7827831883791,164.291590406198
100,0.75646484375,9.667024,0.6760400390625,0.646814920902254,1.93613689436737,3.44509748898706,6.81064567807357,178.268415656843,0.720692196607229,1.33297530443377,0.360806810825153,2.0065873883444,5.96651877494141,6.81064567807357,178.435699576568
100,0.6898828125,7.90994700000001,0.615234375,0.557238922119145,2.24027212968355,4.80416426748186,6.73947746801297,164.282658606872,0.76854905842344,1.09828967527017,0.890926485350718,2.02708458018022,7.46313147780582,6.73947746801297,164.282658606872
100,0.690224609375,8.97479,0.609765625,0.647364816665655,2.4735000348441,6.76987752926389,6.75204307378048,164.285290214674,0.674704097483548,1.16221539209022,0.373447456956007,2.4985000348441,8.91013501460249,6.75204307378047,164.285290214674
100,0.67169921875,8.444979,0.5903515625,0.661744117736821,2.14057371899725,3.19556257850449,6.75204307378047,164.285290214674,0.771703044369428,1.28380713393695,1.20364721150242,1.99276755469009,4.66406544806367,6.75204307378047,164.373635476553
100,0.610107421875,10.753439,0.529648437499999,0.647364816665655,2.35274569197508,3.68809720345064,6.87155887344175,164.308734530473,0.706717007997036,1.05967395127544,1.00465807175186,2.17529501786707,6.5898262399881,6.87155887344175,164.600011519171
100,0.652080078125,8.80576999999999,0.576850585937499,0.565947649478919,2.18886813233995,3.6409211830164,6.7457800075657,164.283982677595,0.583615866130015,1.40873998061808,0.140059019731087,2.28698283250159,6.05176239669684,6.7457800075657,164.426820395593
100,0.713466796875,11.445522,0.634033203125,0.630969581604006,1.96835481405322,2.90149534569946,6.86971044460626,164.308392861557,0.712577972245502,1.11114833132835,0.455227516729854,1.96835481405322,4.21402979888381,6.86971044460626,164.308392861557
100,0.6220703125,8.20235,0.546601562499999,0.569553222656253,2.24866671944548,4.28246843996681,6.7478720577749,164.284420345003,0.563686400730077,1.12172536644912,0.209725307471962,2.33118481178881,8.46473609057443,6.74787205777491,164.284420345003
100,0.70642578125,9.87858300000001,0.627744140625,0.619080057144169,2.18931431361854,4.25981151220861,6.80078366840177,164.640274099194,0.587546073864006,1.05974806906682,0.095877193500204,2.42805777507267,6.3163486669762,6.80078366840177,164.295190694221
100,0.7084765625,9.304174,0.6258984375,0.681914672851569,2.03059793520355,4.38016643813638,6.84914897855591,164.304549328303,0.700083948807687,1.11997627911157,0.431766595341124,2.05979657117968,7.05980325999081,6.84914897855591,164.304549328302
100,0.622412109375,7.109473,0.544824218749999,0.601988077163702,2.35080594427801,7.05733763618865,6.70080456487984,164.274348722038,0.649516422213514,1.2729132272507,0.594055808577607,2.26284072314906,10.2758621880578,6.70080456487984,164.274348722038
100,0.564921874999999,12.105046,0.493691406249999,0.507377967834477,2.39604017418867,6.09894580449138,6.8752455125181,164.309414096435,0.605863498956167,0.840362717614716,0.553080145858966,2.28163330059201,8.4301428832902,6.87524551251809,164.309414096435
100,0.6783984375,11.389181,0.601083984375,0.597752466201787,2.18971526389504,2.79053400182364,6.85291901018012,164.305259985856,0.760818496929714,1.02009726929334,0.92205269662883,2.10902810647435,4.25395178831609,6.85291901018011,165.306529445554
100,0.589873046875,7.726411,0.512695312499999,0.595640268325812,2.82112939079205,6.8733977428692,6.78278318837911,164.291590406198,0.610819629366301,1.22136516728953,0.434637608537319,2.78779605745872,11.7974506751131,6.78278318837911,164.291590406198
100,0.598623046875,7.620894,0.519069824218749,0.632871523499495,2.14704348290777,3.99773481335438,6.72247387665204,164.279044494667,0.653775128906957,1.02673776265857,0.694157993967006,2.05927013036697,4.67705385468833,6.72247387665204,164.279044494667
100,0.712578125,8.765545,0.63314453125,0.63096958160401,2.13854472366867,3.74564774240615,6.78479931741137,164.291996883825,0.680447255215214,1.31063382493732,0.370124766908083,2.22788744218562,6.55483955141678,6.78479931741137,164.425906347134
100,0.654609375,7.757038,0.580234374999999,0.553164062500008,2.14826427957507,3.75437001444966,6.70517615480082,164.275304263101,0.644469074013096,1.26698226419399,0.443008953379468,2.14826427957507,5.55558543815859,6.70517615480082,164.318453240422
100,0.62220703125,8.499162,0.540722656249999,0.663970336914069,2.26318979107406,5.00183336859754,6.76239512940348,164.287433534162,0.701550682353747,1.04714206304056,0.906361617931086,2.03412922569772,5.81305503405457,6.76239512940349,164.287433534162
100,0.712099609375,7.324826,0.6258984375,0.743064203262336,2.00014992465121,3.55766097510362,6.6964137802259,165.762895675809,0.674103196043155,1.48613536479832,0.366139306044955,2.08494442544267,5.8448325281826,6.69641378022589,166.468216710948
100,0.695146484375,10.176483,0.62275390625,0.524068536758426,2.11438182249888,2.86704116260745,6.81064567807357,164.297135894051,0.731726186458444,1.09129645878087,0.553274685349444,2.0667547743678,4.64643042939663,6.81064567807357,164.297135894051
100,0.570595703125,10.079288,0.489248046874999,0.661744117736824,2.37128545476606,6.25344316805315,6.83008262983017,164.30091396274,0.613641477604919,0.972401415456713,0.613389896515554,2.3112694483635,7.06055116601672,6.83008262983017,164.30091396274
100,0.724814453125,7.518753,0.63505859375,0.805611429214485,2.05785822028479,3.6257915270307,6.75412207585948,164.285722439639,0.827245675547155,1.11711004418375,1.10454294451403,1.92128531822141,5.09407499646247,6.75412207585947,164.315575306873
100,0.618515625,7.996602,0.530332031249999,0.777634620666511,2.24069474416349,4.58418137882476,6.77873869486094,164.290772508971,0.610248114764777,1.31134860576193,0.479584241463129,2.25992551339425,6.79017068846779,6.77873869486094,164.290772508971
100,0.638408203125,9.723965,0.557675781249999,0.651772394180304,2.25677548727711,5.26299827914348,6.79481943797455,164.294004956277,0.671210469570336,1.24933548145592,0.629721615519554,2.20120722604847,7.02070726697607,6.79481943797455,164.294004956277
100,0.627265625,8.068518,0.536757812499999,0.819166412353525,2.25765153432397,5.51669739723332,6.81456340954972,164.297903325783,0.710385932512538,1.19676739641436,1.06116546073725,2.13469299659798,6.55846808606851,6.81456340954971,164.447470423596
100,0.81361328125,9.26830599999999,0.741083984375,0.526049890518193,1.85962718344178,3.1152386008818,6.81260646238729,171.595371835097,0.732460335851737,1.4823515672728,0.074338149837075,2.05333094329691,6.85394130992753,6.8126064623873,168.912971037448
100,0.6149609375,8.324269,0.524179687499999,0.824123535156255,2.19107573691829,5.01586772273159,6.76650613066256,164.288278551622,0.719582277039501,1.14675309142723,1.12625677938821,1.99207909642066,5.41546196301041,6.76650613066256,164.288278551622
100,0.7702734375,10.316315,0.6920703125,0.611572875976565,1.94028518413835,3.40285946112416,6.85479870942823,164.421967126779,0.783198296628215,1.1854263706578,0.509398019178851,1.91447765833082,5.73670146854447,6.85479870942823,164.914668463709
100,0.604912109375,8.656529,0.524384765624999,0.648465309143071,2.11095301703879,4.97253933631977,6.79082342999052,164.29320655149,0.502768491605804,1.26211746482891,0.0584890389996833,2.51228039105415,10.8097292330684,6.79082342999052,164.293206551489
100,0.60962890625,6.574533,0.520249023437499,0.798876345157631,2.00146952881048,5.51143307871067,6.71386241664323,165.335859356782,0.757476862104234,1.18903636711022,1.3805402451253,1.67649676919921,4.94412926130105,6.71386241664323,181.393084297737
100,0.68140625,8.163274,0.59513671875,0.744243202209479,2.06800164482317,3.43038822650798,6.74787205777491,164.284420345003,0.798042445415961,1.120622180698,1.19064463987071,1.91503530013684,4.45032467521871,6.74787205777491,164.284420345002
100,0.63259765625,7.958803,0.552104492187499,0.647914946079261,1.97858297294627,3.03969345100901,6.72247387665204,164.514980729006,0.637635021625042,1.00566695145906,0.483979224520059,1.97858297294627,3.4555226404284,6.72247387665204,166.038458619014
100,0.752294921875,8.369745,0.672861328125,0.630969581604006,2.04741971593231,3.69616051263833,6.743683571507,164.28354317318,0.760625467605999,1.15865543358895,0.466239295922542,2.03129068367425,5.32231587840938,6.743683571507,164.368483808684
100,0.597255859374999,10.462431,0.521582031249999,0.572652826309208,2.33222258954206,5.62786876055088,6.85103577100874,164.304905326878,0.649126535047686,0.989944767044438,0.650441807194265,2.13864288317599,6.62084184390815,6.85103577100874,164.777982216502
100,0.76220703125,8.41573499999999,0.674775390625,0.764429178237917,1.94384408605113,3.11678859170664,6.76239512940348,164.287433534162,0.766087380770343,1.31241323849284,0.527800517594514,1.94384408605113,4.2139008393992,6.76239512940348,164.287433534162
100,0.58720703125,8.866913,0.513105468749999,0.549104156494145,2.25075440211772,3.05654180817401,6.74995974044714,164.284856186896,0.674496659448167,0.990696294638546,0.919736804062341,2.15634752852106,3.70727152314024,6.74995974044714,164.284856186896
100,0.549677734374999,8.691556,0.476328124999999,0.538016519546511,2.3873691427698,5.48192773338144,6.73736776337162,164.282213521504,0.601914514140184,0.96957266705032,0.687740797781037,2.2381624250422,6.54390658586797,6.73736776337162,164.282213521504
100,0.701845703125,8.250187,0.62986328125,0.518146905899053,1.98590623949148,4.14539428444298,6.76033327373338,164.287008409281,0.659886538007535,1.45134677288726,0.102436346472911,2.14886391895015,8.91757756732578,6.76033327373338,164.287008409281
100,0.70888671875,9.00341899999999,0.62345458984375,0.729864864945419,1.92128531822141,2.68743774283282,6.75412207585948,164.285722439639,0.694945087155486,1.00436835912269,0.309672351610199,1.93557103250712,3.35008890777789,6.75412207585948,164.285722439639
100,0.65802734375,6.43767900000001,0.574902343749999,0.690976562500006,2.02469746645262,3.24657085124847,6.65371068088497,164.26378566057,0.685165823562535,0.974257823772354,0.557236054690257,1.97384026793324,3.88318976457894,6.65371068088497,164.26378566057
100,0.6759375,6.61712699999999,0.583105468749999,0.861778602600105,2.01213321858359,4.85547126479703,6.69200363153533,165.384722129451,0.687831367645834,1.16123808123816,0.642961550515734,1.99573977596064,5.72831141305604,6.69200363153533,169.154784737549
100,0.564374999999999,10.049251,0.478105468749999,0.744243202209479,2.30157833007234,4.68796012923556,6.80078366840177,164.295190694221,0.714679492365504,0.826089172739237,1.16175978426709,1.9967253786726,3.6462862631568,6.80078366840177,164.295190694221
100,0.71107421875,5.80809,0.63150390625,0.633143463134769,1.87602297828647,3.20335815752847,6.60428888199224,164.252152278316,0.692992009117571,1.23943102161466,0.302433588313738,1.9244184690405,4.60403969342867,6.60428888199224,164.340738175585
100,0.62603515625,8.46434499999999,0.540927734374999,0.72432732582093,2.06406941815869,3.45262661109385,6.76033327373338,164.635143158563,0.732909192501147,0.946684719339877,1.00624043050652,1.87231097651367,3.91738503239733,6.76033327373338,177.319502803362
100,0.463066406249999,10.191576,0.384111328124999,0.623390436172489,2.6755717061363,5.6243782852717,6.82235312515315,164.299420324704,0.517374573055601,0.82554038642638,0.747136759841942,2.56881008621678,7.11359536219316,6.82235312515315,164.299420324704
100,0.6849609375,14.539136,0.612568359375,0.524068536758428,2.258302049311,4.3300191897362,6.98656795301676,164.328797668494,0.634219878228315,1.33921117161431,0.146404545888596,2.37509859823353,8.68126988064352,6.98656795301676,164.328797668493
100,0.6712890625,5.997912,0.58720703125,0.706978797912604,1.96431183783422,4.19508035397022,6.6605756934089,164.26535661262,0.683372161621593,1.28123255555449,0.545825057620723,1.94818280557615,6.16017835363948,6.6605756934089,164.26535661262
100,0.73595703125,7.625778,0.660625,0.567491493225099,1.85650302844223,3.48893338668104,6.73101181214843,164.28086691361,0.753675792727196,1.15709087935653,0.493067446339142,1.82965618159539,5.74724483665904,6.73101181214843,164.28086691361
100,0.75291015625,7.063879,0.667939453125,0.72200203895569,2.10769415979588,4.49506207098322,6.68312455354014,164.270441336836,0.763452421817463,1.40221008986478,0.544270450723309,2.10769415979588,7.26193812396801,6.68312455354014,164.270441336836
100,0.64859375,8.33466799999999,0.563793945312499,0.719100687503821,1.97265200756584,4.01489712494339,6.77671029729501,164.403265615725,0.705071894088161,1.05159238280177,0.768252584615504,1.90220151358881,4.17701184923817,6.77671029729501,164.290361069302
100,0.733837890625,5.294726,0.6452099609375,0.78549099206925,2.05361027529586,4.23635330303394,6.57242345676254,164.244340811086,0.622390381201113,1.12928104208401,0.161941403284362,2.22242483616071,5.91786173869765,6.57242345676254,164.244340811086
100,0.591308593749999,8.035477,0.522539062499999,0.472924842834475,2.36386379604141,4.7364204498159,6.71386241664324,164.27719055284,0.592214026469558,0.984693646630479,0.322113480315512,2.36386379604141,6.67539763176845,6.71386241664324,164.27719055284
100,0.599580078125,10.022191,0.516044921874999,0.697812232971198,2.33033579708923,8.78278054035883,6.84914897855591,164.304549328302,0.626598510973035,1.14175266332725,0.586434013542117,2.15288512298122,11.0056784629449,6.84914897855591,164.304549328302
100,0.731650390625,13.356991,0.652353515625,0.628799438476563,1.92223482730696,3.80546888520145,6.94797256777424,164.322320327923,0.707008577141126,1.28177599103748,0.319233640503197,1.97014760981638,6.47106094287136,6.94797256777424,164.829701394459
100,0.659326171875,9.888,0.578662109375,0.650669097900396,2.15788243429942,3.11915400882154,6.83775284725116,164.302384775382,0.674509228274445,1.14843425827145,0.632171738079787,2.12535995941841,4.58568545991692,6.83775284725115,164.302384775382
100,0.750517578125,6.898886,0.67082763671875,0.635048676133159,1.87345258818297,2.80057525235613,6.69200363153533,164.272412299626,0.681080767366056,1.25231568832673,0.116003475786485,2.01213321858359,4.75792488951274,6.69200363153533,164.272412299626
100,0.601220703125,9.049609,0.521718749999999,0.632056055068976,2.25491673753005,3.29091008081126,6.75412207585948,164.285722439639,0.681173157159774,0.946490940357779,0.853662541832253,2.16050986393339,4.66634956173484,6.75412207585948,164.385573025453
100,0.59951171875,5.953772,0.517480468749999,0.672912597656255,2.30376523770764,3.75810524732607,6.60669852054646,164.252732914112,0.543542456838827,0.914850380300704,0.352277904985362,2.37879650725111,4.46450850212052,6.60669852054645,164.252732914112
100,0.674638671875,13.172337,0.59923828125,0.568521890640263,2.0676735333846,3.29075010212475,6.88622457673695,164.311423113573,0.703966586541974,0.913613365161933,0.644096920314849,2.03930331205663,3.9885552987103,6.88622457673695,164.311423113573
100,0.897421875,9.728506,0.823525390625,0.546069040298463,1.80293802840105,1.86118708124612,6.78076298635891,164.347105012533,0.849307364706633,1.13492397065354,0.187332928040311,1.84044193526149,2.99357273121266,6.7807629863589,164.947596016982
100,0.61646484375,9.63415500000001,0.540585937499999,0.575760841369635,2.27124397233082,4.43372537048174,6.82815584755657,164.300542713747,0.645419672122734,1.12098914395406,0.572205732330853,2.23454363563049,6.37774210360225,6.82815584755657,164.300542713747
100,0.74046875,10.502203,0.656728515625,0.701242685317993,1.91780749132759,4.51663662392299,6.90782757123667,164.315312341869,0.743929294537582,1.2911015939875,0.568133138606996,1.91780749132759,7.47738587616498,6.90782757123667,164.315312341869
100,0.6439453125,9.22678,0.558154296874999,0.736009836196906,1.84309976248858,2.29269204710271,6.77060030076547,164.289116663941,0.638560728094906,1.23904843180839,0.42150001856655,1.86924467021243,3.14379931094902,6.77060030076548,164.289116663941
100,0.564169921874999,7.164769,0.472910156249999,0.832834482193,2.38241844219354,4.3443000001584,6.68535172503235,164.270937366121,0.598172721238545,0.996292461270662,0.77572170727365,2.35860891838402,4.70884833640437,6.68535172503235,164.270937366121
100,0.671904296875,8.75207800000001,0.590078125,0.669552240371707,1.94178223038102,3.29176174102698,6.76033327373338,164.287008409281,0.661628379089525,0.851892768051084,0.525730642730741,1.94178223038102,3.75802494353883,6.76033327373338,164.287008409281
100,0.559248046875,8.27386299999999,0.484394531249999,0.560304880142218,2.42945395800782,3.86751991822546,6.75619676465616,164.286152872999,0.643393165405297,0.935236608330412,0.87058743018268,2.25699142632674,5.50068467596222,6.75619676465615,164.286152872999
100,0.691181640625,9.641535,0.61291015625,0.612642526626593,2.072517764696,3.97221709085039,6.80078366840176,164.295190694221,0.703238983622475,1.31654923128449,0.564798034148698,2.072517764696,7.07838787755687,6.80078366840177,164.359177580514
100,0.71791015625,5.046752,0.6313671875,0.748968544006352,1.78798382845638,2.79524406003875,6.56241086269827,164.241834490459,0.640780999248206,1.56092569906574,0.127190746841153,1.91615626895558,6.21940527820165,6.56241086269827,164.241834490459
100,0.608671875,7.477941,0.523085937499999,0.732495269775396,2.06327412333907,2.88113417129589,6.70952871708177,164.276251504143,0.602966960669418,0.992014673161226,0.522629701308494,2.06327412333907,3.36373741860168,6.70952871708176,164.276251504143
100,0.65611328125,9.236432,0.5701171875,0.739532814025886,1.94590279533008,4.87578240331685,6.8339250925498,164.301652189408,0.718292595403189,1.21250671794,0.808798413208858,1.86844581360428,6.56899029733491,6.83392509254979,164.350635609781
100,0.68099609375,9.016325,0.60908203125,0.517163238525394,2.27998635995096,4.96879230377752,6.79879954141764,164.294797018232,0.686184608156322,1.06865165664487,0.415458786440633,2.27998635995096,8.01862487389007,6.79879954141764,164.294797018232
100,0.60470703125,10.975845,0.529392089843749,0.567234039902693,2.41339538384407,4.22345124420227,6.83008262983017,164.30091396274,0.616019637012847,1.02741272174515,0.391652387309479,2.35087729150075,6.76463453520012,6.83008262983017,164.30091396274
100,0.752431640625,7.822233,0.675458984375,0.592478981018069,1.90606416092281,2.56353079584869,6.72461520427517,164.279503023066,0.726007511178081,1.37652209723825,0.274515532975668,1.96533968518478,4.69499020754323,6.72461520427516,164.386354593371
100,0.570595703125,9.280671,0.492768554687499,0.605706503391272,2.40195188364071,5.60288135526175,6.77467777696981,164.289947955415,0.667479979128634,0.853624563578973,0.863402089033773,2.16320842218657,6.09550542849158,6.77467777696981,164.289947955415
100,0.62603515625,8.150586,0.552958984374999,0.534012689590458,2.21432177293229,3.18467166578309,6.73313495439896,164.281317686911,0.659459983913789,1.3243717260017,0.659474426459298,2.17622307917321,5.33786430522677,6.73313495439896,164.281317686911
100,0.641826171875,6.875756,0.555624999999999,0.743064203262335,2.21500579872467,6.33333044344278,6.69421113705409,164.272899607688,0.68729670406101,1.20909335484743,0.763436075344076,2.10059892512801,7.59942327501606,6.69421113705409,164.272899607688
100,0.7035546875,5.306008,0.61564453125,0.772819557189949,1.9628477729576,3.48652547682328,6.6091023667003,164.253310761745,0.730074161435495,1.60263260965166,0.697746015146135,1.91283851112561,6.11088626199921,6.6091023667003,164.253310761745
100,0.741357421875,6.90384,0.66130859375,0.64078148841858,1.96152533844903,2.97015468700159,6.6897912421548,164.271922832949,0.848214372493425,1.26835545465519,1.20252465128571,1.78843561160175,4.32485472231439,6.68979124215479,164.271922832949
100,0.62384765625,9.104192,0.545200195312499,0.618542311191564,2.18945263785616,6.3685141883874,6.81846585228851,164.298664779474,0.623509018427653,1.20109223007374,0.485270538044631,2.18945263785616,12.4678885219206,6.81846585228851,164.298664779474
100,0.570595703125,11.067311,0.494204101562499,0.583567678928381,2.31464699821601,5.58108758460817,6.87155887344176,164.308734530473,0.643731222142993,0.94904647322435,0.850227554876871,2.08220646606553,8.41549430397847,6.87155887344176,164.308734530473
100,0.663701171875,9.54987000000001,0.572167968749999,0.837832727432259,2.0749908135986,7.821284525263,6.90782757123667,164.315312341869,0.775872959780705,1.19875179021611,1.21266361068658,1.78200740613737,5.92383437147382,6.90782757123667,164.371064798676
100,0.7525,6.941939,0.6723828125,0.641876373291019,1.90198608750942,2.38341890075775,6.67641312175131,164.268939887938,0.698356589071939,1.54154588750363,0.179606665223827,1.96402023391856,4.15776323366174,6.67641312175132,164.268939887938
100,0.61291015625,6.176862,0.537612304687499,0.566976644992832,2.27812928127513,3.48587638550804,6.62812790187695,164.257835533456,0.733285354257314,1.09918246260775,1.20065528077057,2.09008395117951,4.35698032969582,6.62812790187696,164.257835533456
100,0.5701171875,9.73267599999999,0.494853515624999,0.566462030410772,2.34077485313015,4.32181686227745,6.77873869486093,164.290772508971,0.638859655210006,0.987260344219517,0.803899386619883,2.11553494857586,7.02989539820046,6.77873869486093,164.290772508971
100,0.574902343749999,6.04509400000001,0.487812499999999,0.758464088439948,2.3060056382648,5.77106576254608,6.65600425886662,164.264311710566,0.690244833492958,1.20665908467774,1.21927121602129,2.06239204694054,6.76192973007136,6.65600425886662,164.354005995511
100,0.68345703125,5.745588,0.606757812499999,0.588277015686041,1.9872662131452,3.4185399792317,6.61627942757755,164.255027775058,0.698753963619516,1.53118384843102,0.532786781109141,1.97002483383485,6.93030097164378,6.61627942757755,164.255027775058
100,0.83111328125,7.65824500000001,0.745048828125,0.74070900917054,1.7229569207122,4.83214767485629,6.81651653454972,164.29828479551,0.833082651696956,1.72623078369582,0.556024147042449,1.72295692071219,9.91240817257031,6.81651653454972,164.29828479551
100,0.669716796875,6.770939,0.591240234374999,0.615857086181646,2.1567989205372,3.40720226177501,6.65600425886663,164.264311710566,0.674703086909638,1.20970716938659,0.524011430120645,2.1567989205372,5.51990935126113,6.65600425886663,164.264311710566
100,0.618994140625,9.525819,0.541303710937499,0.603580286502844,2.07847732816077,5.90102424952099,6.83775284725116,164.302384775382,0.555096535182843,1.24418786672286,0.196384450083678,2.31893966578448,11.2591007374469,6.83775284725116,164.302384775382
100,0.615302734374999,10.188244,0.541542968749999,0.544050302505496,2.06282163388855,3.45526590256996,6.80671253759432,164.296362413602,0.626514793774642,1.01457345447213,0.477653074840877,2.03228550335242,4.77791190949698,6.80671253759432,164.296362413602
100,0.508115234374999,8.335179,0.414394531249999,0.878357019424443,2.59445111185781,8.74706585892791,6.82235312515315,164.299420324704,0.643610554073735,1.00959476437848,1.14175083818236,2.1933399107208,9.30986918557568,6.82235312515316,164.364213877461
100,0.80349609375,9.20663399999999,0.7248828125,0.618004798889162,2.0031196103131,2.68012605935533,6.76239512940348,164.287433534162,0.763433688033201,1.19754233990317,0.230250929239048,2.03412922569771,3.77089794594028,6.76239512940348,165.199401144976
100,0.517890624999999,9.615379,0.440063476562499,0.605706503391272,2.37813219198845,5.43683144764933,6.79481943797455,164.294004956277,0.493804216447117,0.916788437886926,0.4134781068347,2.39987132242323,7.48809042435014,6.79481943797455,164.294004956277
100,0.778408203125,11.637249,0.7046484375,0.544050302505496,1.95690254483528,3.25598526819499,6.88440308311218,164.31109132967,0.781740560013526,0.947581719124414,0.423291713222121,1.95690254483528,4.89497235074474,6.88440308311218,164.311091329671
100,0.646064453125,10.082676,0.564101562499999,0.671791543960576,2.0560122726175,4.5794580562316,6.84536467999373,164.303833281881,0.703713789348336,1.22661113145996,0.859657107706575,1.97085589628753,6.50579273216328,6.84536467999373,165.925992104705
100,0.567998046874999,7.71587,0.492460937499999,0.570585489273077,2.47727414150547,6.65695090852616,6.70517615480082,164.275304263101,0.641610348878678,1.34765860905551,0.993156227120513,2.2463789797367,11.1585487316083,6.70517615480082,166.138648129424
100,0.619951171875,7.374819,0.545986328124999,0.547079811096195,2.20614638670293,3.60350703431062,6.68535172503235,164.270937366121,0.737985349404318,1.28983882696172,1.32153430640183,2.02214797874728,4.97722100082782,6.68535172503235,164.270937366121
100,0.712646484375,9.659463,0.64134765625,0.508352289199834,2.11755924007384,2.85561987451903,6.78076298635891,164.291182284578,0.641799137977032,1.08200432726602,0.157527728517304,2.26194980489223,4.68830569718238,6.7807629863589,164.291182284578
100,0.70916015625,8.056704,0.63533203125,0.545059204101566,2.23249257614931,4.05649012518146,6.71169791447873,164.276722045878,0.666461117828193,1.07508523951406,0.224662897202316,2.33897202114963,5.47132584269597,6.71169791447873,164.276722045878
100,0.667392578125,7.531769,0.590283203125,0.594585571289066,2.23681690552763,4.02085034247232,6.71602224385706,164.277657038199,0.676127872085021,1.23323517370381,0.41623844445453,2.19720906239038,6.50815649761308,6.71602224385706,164.369264364599
100,0.644287109375,6.748086,0.569023437499999,0.566462030410772,2.23394983675704,4.353703877929,6.67191367848782,164.267927637173,0.610638762747067,1.31167388486802,0.302651409159068,2.29918778515873,7.88672870815817,6.67191367848782,164.267927637173
100,0.6297265625,7.86787,0.550361328124999,0.629884042739873,2.01543405890404,3.85542150239584,6.71169791447873,164.276722045878,0.684067388959001,0.96726812395274,0.708046751942452,1.93727088023683,3.98617789760489,6.71169791447873,164.276722045877
100,0.703076171875,5.149211,0.622958984375,0.64187637329102,2.07816138015594,3.03188967682729,6.55736671848537,164.240562318894,0.779622539488999,1.17377902901836,0.927411892304078,2.07816138015594,4.38065613942511,6.55736671848536,164.240562318894
100,0.583310546875,8.972106,0.495041503906249,0.77914239466191,2.28084097202541,4.90024198892979,6.83775284725116,164.302384775382,0.67123880842256,1.03732520832498,0.945272717669191,2.15788243429942,7.6623732509036,6.83775284725116,164.302384775382
100,0.6767578125,6.567164,0.59048828125,0.744243202209477,2.14375555144554,7.12560622227638,6.73736776337163,164.282213521504,0.841366537729303,1.34251605824237,1.88416734247011,1.73529949069146,8.57834174671868,6.73736776337163,165.661695579346
100,0.411455078124999,7.535524,0.330859374999998,0.649566736221318,2.83093200881731,5.76067346035057,6.68535172503236,164.270937366121,0.507016918447425,1.07168033194052,1.02486605659972,2.53857030601549,7.30739192265412,6.68535172503235,164.270937366121
100,0.706630859375,7.307915,0.63,0.587228860855106,2.10455288907383,5.12634406265847,6.71602224385706,164.277657038199,0.690403608623834,1.28864218162024,0.3453088244375,2.14059185011279,9.19407270026253,6.71602224385706,164.277657038199
100,0.723310546875,9.552311,0.6499609375,0.538016519546512,1.99207909642066,2.25010009474465,6.76650613066255,164.288278551622,0.71469844651264,0.845900260772461,0.34242165712918,2.02261522695679,3.12157543502563,6.76650613066255,164.288278551622
100,0.695283203125,8.548419,0.619267578125,0.577837524414068,2.14055679610328,3.8860158708052,6.78681138984597,164.292401727374,0.738765380555327,1.12912946899093,0.674126785822809,2.07441850201322,6.17862164664786,6.78681138984598,164.292401727374
100,0.595068359374999,9.32411,0.522539062499999,0.526049890518191,2.2517871192988,3.29818074296829,6.77060030076548,164.289116663941,0.630113947960633,0.987337165820095,0.522749937720417,2.23255635006803,4.76767912948463,6.77060030076548,164.289116663942
100,0.617353515625,6.883368,0.534160156249999,0.692113504409796,2.24419557362316,4.90374876677957,6.70299274868729,164.274827536875,0.671719821028963,1.2761388438396,0.933395567028474,2.12756235494301,6.23575642733975,6.70299274868728,164.274827536875
100,0.668896484375,7.69515000000001,0.580781249999999,0.776429452896124,2.13011337638764,3.96616378609996,6.74158273117087,164.283101820168,0.73681081271485,1.08455435402631,0.893140770312497,1.9976918274651,4.63372459435235,6.74158273117087,164.283101820168
100,0.63232421875,10.730441,0.548173828124999,0.708128824234014,2.294280050862,6.36776675575666,6.86971044460627,164.308392861557,0.777907577149534,1.06606960550244,1.53376031341742,1.95519691931638,6.26137269690458,6.86971044460627,164.308392861557
100,0.719140625,9.60355,0.63943359375,0.635321083068855,2.11295301703879,3.31469757999593,6.79282342999052,164.367399248447,0.72261834429342,0.996033647612038,0.521966521108373,2.11295301703879,4.54620247305136,6.79282342999052,164.527893021144
100,0.585498046875,5.93251000000001,0.508730468749999,0.589326105117801,1.98008915226795,2.68410409725227,6.6091023667003,164.47639919861,0.649299654616093,1.3103875760197,0.829501963137734,1.92923195374856,3.68041536163356,6.6091023667003,171.438381405387
100,0.8200390625,8.000933,0.73267578125,0.763234291076663,1.71851515817971,3.66759274483641,6.77873869486093,164.290772508971,0.754507825960706,1.498750767893,0.149370276166212,1.90422991115473,6.20286018913663,6.77873869486093,164.290772508971
100,0.648046875,7.56091599999999,0.561914062499999,0.741886138916024,2.03547916994216,3.53781826731367,6.74787205777491,164.284420345003,0.766806406043687,1.32153873523216,1.36848321440152,1.80755100667749,4.47600319292486,6.74787205777491,164.284420345002
100,0.604638671875,7.765292,0.517343749999999,0.762040338516241,2.34329635052796,5.1250315474714,6.71602224385706,164.277657038199,0.658532620950841,1.07398986616517,0.88656575831223,2.17797829315961,6.116244760177,6.71602224385706,164.277657038199
100,0.844033203125,8.21378700000001,0.7642236328125,0.636956751346597,1.81557603204491,2.68999237737046,6.76855531099042,167.559053995941,0.769135099958624,1.40712821912201,0.150416277780445,1.89404652728423,5.21922591532835,6.76855531099042,166.426130870045
100,0.646474609375,9.889315,0.571074218749999,0.568521890640264,2.15099476381298,4.2004575826445,6.84725861938767,164.304191982524,0.760875988670928,1.14666775333413,1.21962283833871,1.89427934044215,6.4805706989342,6.84725861938766,164.304191982524
100,0.63916015625,8.49125,0.555078124999999,0.706978797912602,2.22679916565425,4.86785784693941,6.82041137758034,164.29904328634,0.678662593994465,1.36140379590873,0.739373196595178,2.10801848974759,7.56968975892174,6.82041137758034,164.29904328634
100,0.74046875,10.795862,0.6636328125,0.590376129150392,2.05448925148297,5.40424365822398,6.85854754121214,164.306316000387,0.62336987579952,1.48296493399114,0.0121145123577524,2.39975036614803,11.0098220608269,6.85854754121215,164.306316000387
100,0.767880859375,9.430183,0.691591796875,0.582002105712892,1.80080335008144,2.62043943386876,6.79082342999052,164.293206551489,0.784126890107587,1.22213379651197,0.531673614467184,1.76508568952324,4.24594879285154,6.79082342999052,164.29320655149
100,0.689541015625,7.495507,0.609765625,0.636411294937138,1.87786273687354,2.23789844269815,6.69641378022589,164.273384771382,0.580337296927113,1.50710026313635,0.10834250006399,2.06740056579355,4.33840190890535,6.6964137802259,164.273384771382
100,0.674091796875,7.022466,0.5952734375,0.621233377456669,2.1687607657879,5.08752277350907,6.68757394725458,164.271431193282,0.672847890884739,1.04308921513387,0.476507622045414,2.1687607657879,7.09680227734722,6.68757394725458,164.271431193282
100,0.491845703124999,11.737216,0.414257812499999,0.601988077163701,2.76600048368869,6.78841973923111,6.85479870942823,164.305613312783,0.559388886867571,0.920577025563844,0.774094439017112,2.52805590277989,9.06592298674762,6.85479870942824,164.305613312782
100,0.589121093749999,6.829182,0.499912109374999,0.795824289321904,2.09588544925506,4.05443077364585,6.70735480403829,164.275778914351,0.664456081389986,1.06185079951621,0.879694280745966,1.91800239666207,4.23715564312128,6.70735480403829,164.336749560966
100,0.6324609375,10.631083,0.551660156249999,0.652876625061041,2.17898165694341,5.38427309187309,6.87524551251809,164.309414096435,0.643495956693209,1.07676652012977,0.439163260673498,2.13135460881232,7.51419211679263,6.87524551251809,164.309414096434
